EMIS_Code,School_Name,Latitude,Longitude,Geocode_Source
35210186,GGHS KAMAHAN,31.4464595,74.3916586,Nominatim-reverse (residential)
35210168,GGHS GHORAY SHAH (Newly upgraded),31.5870311,74.3821182,Nominatim-reverse (attraction)
35220155,GGHS MARAKA VILLAGE (Newly upgraded),31.2443583,74.2138126,Nominatim-reverse (primary)
37150049,GPS BHALESAR,33.8150627,72.7030379,Nominatim-reverse (place_of_worship)
34110639,GGHS Z-BLOCK PEOPLES COLONY,32.1765842,74.1872621,Nominatim-reverse (station)
37230021,GGHS PAIL MIRZA,33.132055,73.4180866,Nominatim-reverse (trunk)
31240061,GGES CHAK NO.42/DNB,29.3483637,71.6954115,Nominatim-reverse (primary)
33120361,GGES CHAK 53 GB JARANWALA,31.3330181,73.4183387,Nominatim-reverse (residential)
33130237,GGES CHAK 529 GB SAMUNDRI,31.4103462,73.0936494,Nominatim-reverse (primary)
38420087,GGHS ZM REHMAN PURA ROAD SGD,32.0836514,72.676461,Nominatim-reverse (station)
36420071,GHS 58/10-R KHANEWAL,30.3022528,71.9278916,Nominatim-reverse (tertiary)
39330014,GHS MODEL RENALA KHURD,30.8782508,73.5998771,Nominatim-reverse (unclassified)
31260240,GPS HAJI KHAMEESA,,,Not Geocoded (no coordinates available)
34140170,GPS GHARRI,31.96734,73.96987,Manual (Google Maps)
34220737,GPS BUGHNA,32.8100237,73.8663245,Nominatim-reverse (unclassified)
39310993,GHS NO.1 BASIR PUR MAIN ROAD,30.6691771,73.6513733,Nominatim-reverse (tertiary)
32330082,GGHS BHUTTA PUR,30.084183,71.1939667,Nominatim-reverse (station)
37340007,GHS USMAN KHATTAR,33.7422793,72.8145203,Nominatim-reverse (station)
37330123,GHS MC AMAR PURA RAWALPINDI,33.6040754,73.0483807,Nominatim-reverse (stop)
33221148,GMPS CHAK NO 166 JB DOKA,31.2777606,72.3213727,Nominatim-reverse (bus_station)
33310079,GGHS CHAK 159 GB,,,Not Geocoded (no coordinates available)
39310174,GGES AMLI MOTI,30.6691771,73.6513733,Nominatim-reverse (tertiary)
34220780,GGHS NAWAZ SHARIF LALA MUSA,32.8100237,73.8663245,Nominatim-reverse (unclassified)
33110019,GPS CHAK 214 RB E,31.386296,73.0676444,Nominatim-reverse (school)
33110371,GGHS MC PEOPLES COLONY FAISALABAD,31.386296,73.0676444,Nominatim-reverse (school)
33150025,GPS 141 RB II,,,Not Geocoded (no coordinates available)
33140544,GHSS 209/RB,31.3711401,73.0706582,Nominatim-reverse (fuel)
33120254,GPS 434 GB,31.3330181,73.4183387,Nominatim-reverse (residential)
33160266,GGPS 595 GB,,,Not Geocoded (no coordinates available)
33130129,GPS 209 GB,31.4103462,73.0936494,Nominatim-reverse (primary)
35210591,GGPS SOHARWARDIA,31.5870311,74.3821182,Nominatim-reverse (attraction)
35220159,GES MAZAR BABA REHMAT SHAH (EX-MCL),31.2443583,74.2138126,Nominatim-reverse (primary)
35210798,GGES SHALIMAR TOWN (EX-MCL),31.5870311,74.3821182,Nominatim-reverse (attraction)
35210011,GHS KARIM BLOCK ALLAMA IQBAL TOWN,31.4729999,74.3108542,Nominatim-reverse (tertiary)
35210049,GHS GULBERG LAHORE CANTT (FATEH ABAD),31.5221005,74.3790353,Nominatim-reverse (attraction)
35220493,GMMS SODIWAL PIND BAND ROAD LAHORE,31.5831841,74.3184836,Nominatim-reverse (living_street)
35210020,GHS MUSLIM LAHORE CANTT,31.5221005,74.3790353,Nominatim-reverse (attraction)
36430098,GGES 50/15-L MIAN CHANNU,30.4389367,72.3550547,Nominatim-reverse (primary)
37330556,GGPS MC MOHRI KAMBAL,33.6040754,73.0483807,Nominatim-reverse (stop)
35220032,GHSS MOZANG LAHORE,31.5831841,74.3184836,Nominatim-reverse (living_street)
35220064,GGHS PAK STANDARD SHAD BAGH LAHORE,31.5831841,74.3184836,Nominatim-reverse (living_street)
37330117,GHS KHAYABAN-E-SIR SYED SECTOR 4-B,33.6040754,73.0483807,Nominatim-reverse (stop)
99990001,GPS CHAK FAKE-1 (Synthetic Test Case),,,Synthetic (no real location)
99990002,GGPS FAKE VILLAGE-2 (Synthetic Test Case),,,Synthetic (no real location)
99990003,GHS FAKE TOWN-3 (Synthetic Test Case),,,Synthetic (no real location)
99990004,GGES FAKE COLONY-4 (Synthetic Test Case),,,Synthetic (no real location)
99990005,GPS FAKE HAMLET-5 (Synthetic Test Case),,,Synthetic (no real location)
99990006,GHSS FAKE JUNCTION-6 (Synthetic Test Case),,,Synthetic (no real location)
99990007,GES FAKE OUTPOST-7 (Synthetic Test Case),,,Synthetic (no real location)
31321032,GGHS Chak No 225/1-L,,,Not Geocoded (no coordinates available)
31321033,GGHS Chak No 179/7-R,,,Not Geocoded (no coordinates available)
31321034,GGHS Chak No 148/5-R,28.855686,71.016265,Manual (Google Maps)
32110565,GGPS SUMRA GABOOL,,,Not Geocoded (no coordinates available)
32320949,GPS CHAK NO. 131 ML,,,Not Geocoded (no coordinates available)
35110333,GGPS ALI PUR CHAK NO 6,30.9631954,73.9807183,Nominatim-reverse (residential)
39311057,GPS TAHLI JAMAL HITHAR,30.6691771,73.6513733,Nominatim-reverse (tertiary)
32330691,GPS BASTI KANHAL,30.084183,71.1939667,Nominatim-reverse (station)
37130118,GPS SAHWAL (PSSP-II),33.2437103,72.2686198,Nominatim-reverse (tertiary)
34320074,GGHS LANGAY,32.4846576,74.5442398,Nominatim-reverse (primary)
36130239,GPS RANA WAHIN,,,Not Geocoded (no coordinates available)
33110354,GGHS DECCAN SAMANABAD FSD,31.386296,73.0676444,Nominatim-reverse (school)
37330149,GGHS JHANDA CHICHI,33.6040754,73.0483807,Nominatim-reverse (stop)
35210693,GGES KACHA,31.4729999,74.3108542,Nominatim-reverse (tertiary)
39220030,GGHS MC MODEL ARIFWALA,30.2944504,73.0589418,Nominatim-reverse (grave_yard)
31321031,GGHS 158/7-R,,,Not Geocoded (no coordinates available)
33140395,GGPS CHAK 269 RB II SALONI,31.3711401,73.0706582,Nominatim-reverse (fuel)
32110836,GGCMS FEROZ WALA,,,Not Geocoded (no coordinates available)
32410223,GPS THUL SAIDAN,29.6384224,70.5772492,Nominatim-reverse (station)
37320082,GPS SOHAWA PHAPHIRAL,33.9056829,73.392674,Nominatim-reverse (secondary)
31150222,GGPS DAB WALI,30.0061639,73.2661567,Nominatim-reverse (tertiary)
32330665,GPS CHIMROO WALI,30.084183,71.1939667,Nominatim-reverse (station)
37360182,GPS RAIPA,33.2590018,73.3076163,Nominatim-reverse (station)
37350011,GHS SURBA,33.8058076,73.5237431,Nominatim-reverse (residential)
37350153,GGPS BADNIAN,33.8058076,73.5237431,Nominatim-reverse (residential)
34120519,GMPS JOKHIAN,32.0346163,74.3438688,Nominatim-reverse (unclassified)
37350096,GPS KHAL CHATTAR,33.8058076,73.5237431,Nominatim-reverse (residential)
32120005,GHS BHANBHAN,,,Not Geocoded (no coordinates available)
31320001,GHSS FEROZAA,28.760002,70.820985,Manual (Google Maps)
32120041,GGHS KOT MOHEE,30.550891,70.595535,Manual (Google Maps)
35210039,GHS IQBAL GARHI SHAHU,31.5870311,74.3821182,Nominatim-reverse (attraction)
39330054,GHS 7-1R FAUJIAN,30.8782508,73.5998771,Nominatim-reverse (unclassified)
35220054,GHS SHAHDARA,31.5831841,74.3184836,Nominatim-reverse (living_street)
31240443,GES CHAK NO.10/DRB,29.3483637,71.6954115,Nominatim-reverse (primary)
32340004,GHS JHUGGI WALA,29.5105224,70.8459377,Nominatim-reverse (tertiary)
32110043,GHS ROONGHAN,,,Not Geocoded (no coordinates available)
37320274,GPS CHANGWARIAN,33.9056829,73.392674,Nominatim-reverse (secondary)
32420001,GHSS FAZILPUR,29.1002542,70.3378699,Nominatim-reverse (station)
35210824,GGHS CDG SHADMAN COLONY,31.5831841,74.3184836,Nominatim-reverse (living_street)
35210131,GES BADOKI,31.4729999,74.3108542,Nominatim-reverse (tertiary)
35220183,GPS JANJATTY,31.2443583,74.2138126,Nominatim-reverse (primary)
35220056,GGHS JIA BAGGA RAIWIND ROAD,31.2443583,74.2138126,Nominatim-reverse (primary)
32410563,GGCMES TATAR WALA,29.6384224,70.5772492,Nominatim-reverse (station)
31210225,GPS CHAK MAKHDOOM,29.2059591,71.4002392,Nominatim-reverse (fuel)
39330018,GHS KAMMAN,30.8782508,73.5998771,Nominatim-reverse (unclassified)
31210206,GPS CHAK DAWANJ,29.2059591,71.4002392,Nominatim-reverse (fuel)
32410242,GPS KHULCHAS,29.6384224,70.5772492,Nominatim-reverse (station)
37350183,GGPS CHALAWRA UPPER,33.8058076,73.5237431,Nominatim-reverse (residential)
32110506,GPS BAGH ALI MOLE,,,Not Geocoded (no coordinates available)
32320754,GPS THATHI HAMZA NO. 2,,,Not Geocoded (no coordinates available)
32220564,GMMS AOULAKH NASHEB,,,Not Geocoded (no coordinates available)
37140013,GHS TARAP,33.4317702,72.0196309,Nominatim-reverse (residential)
32430052,GPS HAFEEZ ABAD,28.78785,70.00177,Nominatim-reverse (weighbridge)
37350027,GES OJANA,33.8058076,73.5237431,Nominatim-reverse (residential)
39320043,GHS CHAK NO.12/1-R,30.80528,73.4442836,Nominatim-reverse (station)
36120106,GPS TERI WALA VILLAGE GANWEN SHUJABAD,29.678265,71.252432,Manual (Google Maps)
31150399,GMMS SAMOO WALI,30.0061639,73.2661567,Nominatim-reverse (tertiary)
31150407,GMMS MANASIRY RAM,30.0061639,73.2661567,Nominatim-reverse (tertiary)
31320431,GGPS BASTI HAFIZ GHULAM QADIR,28.6764261,70.7270481,Manual (Google Maps)
37350144,GGES CHOWKI WAGHAL,33.8058076,73.5237431,Nominatim-reverse (residential)
34120401,GMPS OUJLA KALAN,32.0346163,74.3438688,Nominatim-reverse (unclassified)
34140427,GGHS MURALI WALA,32.066431,74.142221,Manual (Google Maps)
34120345,GMPS CHAK SITTIA,32.0346163,74.3438688,Nominatim-reverse (unclassified)
34140293,GGPS DEEPAY PUR,,,Not Geocoded (no coordinates available)
34120250,GPS KALAY WALA,32.0346163,74.3438688,Nominatim-reverse (unclassified)
31250141,GGPS BONGA YARANI,29.579302,72.2453333,Nominatim-reverse (residential)
31210371,GGPS BASTI SULEMAN,29.2059591,71.4002392,Nominatim-reverse (fuel)
31240172,GPS CHAK NO.20/DNB (W),29.3483637,71.6954115,Nominatim-reverse (primary)
31230405,GGPS Riaz Khan Basti Chouhn,29.401877,71.8123884,Nominatim-reverse (trunk)
31260023,GHS HAKRA,,,Not Geocoded (no coordinates available)
34410357,GGPS TOTEWALI,32.1712427,74.9087862,Nominatim-reverse (tertiary)
34420044,GGHS GUNGRAN,32.2631481,75.1604548,Nominatim-reverse (telecommunication)
34430575,GGMPS BORI,32.3427221,74.9020032,Nominatim-reverse (unclassified)
34420506,GGPS JODHEY,32.2631481,75.1604548,Nominatim-reverse (telecommunication)
34420203,GPS TONDI,32.2631481,75.1604548,Nominatim-reverse (telecommunication)
34310578,GMPS JANDUKAY GORAYA,32.3322279,74.3512339,Nominatim-reverse (pedestrian)
34310564,GGES CHAK GILLAN SHARQI,32.3322279,74.3512339,Nominatim-reverse (pedestrian)
34320411,GMPS ANOOLA,32.4846576,74.5442398,Nominatim-reverse (primary)
34320591,GGPS DATA ZAIDKA,32.4846576,74.5442398,Nominatim-reverse (primary)
34340049,GGHS BHOPAL WALA,32.4756481,74.3529135,Nominatim-reverse (residential)
35110217,GPS JAJJAL,30.9631954,73.9807183,Nominatim-reverse (residential)
35130241,GPS ALPA SADHARI,31.0211712,73.8529652,Nominatim-reverse (residential)
35120754,GGPS CHAH KANDLAN WALA,31.1178863,74.442669,Nominatim-reverse (station)
35110260,GPS FATEH MUHAMMAD KALAN,30.9631954,73.9807183,Nominatim-reverse (residential)
35130178,GPS KANVEEN BLAQA SING,31.0211712,73.8529652,Nominatim-reverse (residential)
38330793,GGES TIBBA MEHRBAN SHAH,32.2923004,71.3687782,Nominatim-reverse (station)
38331081,GGCMS CHAK NO.4 DB,32.2923004,71.3687782,Nominatim-reverse (station)
38310049,GHS DALLA MIR WALA,32.6750144,71.2761153,Nominatim-reverse (primary)
38320408,GPS SHEIKHAN WALA,32.5793897,71.5353168,Nominatim-reverse (station)
38320291,GPS MOUZA BAZAR,32.5793897,71.5353168,Nominatim-reverse (station)
37140182,GGPS JAND NO.1,33.4317702,72.0196309,Nominatim-reverse (residential)
37130189,GGES SARWAYA,33.2437103,72.2686198,Nominatim-reverse (tertiary)
37110078,GGHS SALAR,33.77451,72.3516178,Nominatim-reverse (station)
37150029,GPS CHUKRA,33.8150627,72.7030379,Nominatim-reverse (place_of_worship)
37130200,GGHS DHOK DHERA,33.2437103,72.2686198,Nominatim-reverse (tertiary)
38130070,GPS BORING AMAN ULLAH,31.3871859,71.4392176,Nominatim-reverse (tertiary)
38140867,GPS JHOKE HAJI,31.7855908,71.1088112,Nominatim-reverse (station)
38110068,GGES PIR ASHAB,31.6221111,71.0650584,Nominatim-reverse (station)
38110902,GPS MIAN ISA,31.6221111,71.0650584,Nominatim-reverse (station)
38130099,GPS SHAHI,31.3871859,71.4392176,Nominatim-reverse (tertiary)
37340027,GES ANWAR ABAD,33.7422793,72.8145203,Nominatim-reverse (station)
37370224,GPS TAREEL,33.4145534,73.3782841,Nominatim-reverse (secondary)
37330191,GGHS ADHWAL,33.6040754,73.0483807,Nominatim-reverse (stop)
37370486,GPS MANMORE,33.4145534,73.3782841,Nominatim-reverse (secondary)
37360304,GPS KURI DOLAL P.O KURI DOLAL,33.2590018,73.3076163,Nominatim-reverse (station)
37420373,GGPS NAKA REHAN,32.9320074,72.8308888,Nominatim-reverse (trunk)
37410001,GHSS PADSHAHAN,32.932827,72.8629763,Nominatim-reverse (trunk)
37410518,GGPS REHRA,32.932827,72.8629763,Nominatim-reverse (trunk)
37420431,GMMS MOHALLAH SAGRAL MULTAN KHURD,32.9320074,72.8308888,Nominatim-reverse (trunk)
37410488,GGPS MURID BALLA,32.932827,72.8629763,Nominatim-reverse (trunk)
33140283,GGES CHAK 66 JB-II ISLAM PURA,31.3711401,73.0706582,Nominatim-reverse (fuel)
33140422,GHS CHAK 199 RB,31.259546,72.9367562,Nominatim-reverse (school)
33110139,GGPS CHAK NO 217 RB ACHKERA,31.386296,73.0676444,Nominatim-reverse (school)
33130285,GES 205/GB,31.4103462,73.0936494,Nominatim-reverse (primary)
33130355,GHS CHAK NO. 530/GB FSD,31.4103462,73.0936494,Nominatim-reverse (primary)
36310105,GGES CHAK NO.106 EB,30.1553358,72.6815187,Nominatim-reverse (station)
36310201,GES CHAK NO.261/EB,30.1553358,72.6815187,Nominatim-reverse (station)
36310054,GHS CHAK NO.181 EB,30.1553358,72.6815187,Nominatim-reverse (station)
36320664,GGPS ARY PUR,29.8073001,72.1769109,Nominatim-reverse (station)
36310268,GPS 365 EB,30.1553358,72.6815187,Nominatim-reverse (station)
39330085,GES CHAK NO. 16/1-AL,30.8782508,73.5998771,Nominatim-reverse (unclassified)
39310403,GPS CHISHTI MOLIA,30.6691771,73.6513733,Nominatim-reverse (tertiary)
39320147,GGES SOBAY WALA,30.80528,73.4442836,Nominatim-reverse (station)
39320499,GGPS 36-A/G.D,30.80528,73.4442836,Nominatim-reverse (station)
39330731,GGPS KALLI JAMAL SINGH (PSSP),30.8782508,73.5998771,Nominatim-reverse (unclassified)
35450436,GPS DONGAY,31.7313228,73.577162,Nominatim-reverse (tertiary)
35620213,GGES RAHMAN ABAD,31.7313228,73.577162,Nominatim-reverse (tertiary)
35420720,GPS KAMBOH COLONY,31.8010863,74.2540999,Nominatim-reverse (residential)
35620614,GPS CHAK JAID 16 JAID,31.7313228,73.577162,Nominatim-reverse (tertiary)
35420117,GGES HERDO SEHOLE MUSLIM,31.8010863,74.2540999,Nominatim-reverse (residential)
33340199,GES CHAK 319 GB I,30.6478,72.51244,Manual (Google Maps)
33320089,GGES CHAK 706 GB,,,Not Geocoded (no coordinates available)
33310319,GMPS CHAK 161 GB I,,,Not Geocoded (no coordinates available)
33310170,GHS CHAK 361 JB,30.910778,72.580153,Manual (Google Maps)
33340414,GGPS CHAK 752 GB,,,Not Geocoded (no coordinates available)
38420606,GGES CHAK NO.29 NB,32.0836514,72.676461,Nominatim-reverse (station)
38430251,GMPS BUSLANA,32.2691358,72.4717312,Nominatim-reverse (residential)
38450476,GMPS BOHLRI WALA,31.9729496,72.3296061,Nominatim-reverse (residential)
38420348,GPS CHAK NO.93 SB,32.0836514,72.676461,Nominatim-reverse (station)
38450058,GES PUBLIC SAHIWAL,31.9729496,72.3296061,Nominatim-reverse (residential)
37240376,GGPS RAMDIAL,33.0279237,73.6010809,Nominatim-reverse (trunk)
37220251,GGMPS ESSAWAL,32.5939485,73.0459834,Nominatim-reverse (station)
37240038,GGHS ROHTAS,33.0279237,73.6010809,Nominatim-reverse (trunk)
37220189,GGMPS SHER PUR,32.5939485,73.0459834,Nominatim-reverse (station)
37230252,GGPS CHABBER SYEDAN,33.132055,73.4180866,Nominatim-reverse (trunk)
35220419,GGES MODEL BAGH MUNSHI LADHA.,31.5831841,74.3184836,Nominatim-reverse (living_street)
35210018,GHS AWAMI COLONY CHUNGI AMER SIDHU LAHORE,31.4729999,74.3108542,Nominatim-reverse (tertiary)
35220514,GMMS PARACHA COLONY,31.5831841,74.3184836,Nominatim-reverse (living_street)
35220117,GES MUGHLIA PARK SHAHDARA LAHORE,31.5831841,74.3184836,Nominatim-reverse (living_street)
35210242,GES ITTEHAD TOWN DOGACH,31.5221005,74.3790353,Nominatim-reverse (attraction)
36110191,GPS MC AWAN PURA,30.1823296,71.4654311,Nominatim-reverse (station)
36130129,GGES BASTI JALIL MULTAN P/O BASTI JALIL,,,Not Geocoded (no coordinates available)
36120213,GGPS NAWAN SHER SHUJABAD DISTT. MULTAN,,,Not Geocoded (no coordinates available)
36110319,GGPS RAILWAY COLONY NO: 2,30.1823296,71.4654311,Nominatim-reverse (station)
36130150,GPS KOTLA SADAT,,,Not Geocoded (no coordinates available)
38240666,GGPS DHOK PHATIAL,,,Not Geocoded (no coordinates available)
38210737,GGPS MOHALLAH MASTIAL PADHRAR,32.2903666,72.3515792,Nominatim-reverse (residential)
38220306,GPS CHAK NO. 34 MB,31.8800081,71.9012116,Nominatim-reverse (primary)
38230581,GGES SHAH WALA SHUMALI,32.3390586,71.8817521,Nominatim-reverse (unclassified)
38210266,GMPS CHAK NO 60 MB,32.2903666,72.3515792,Nominatim-reverse (residential)
34220811,GHSS BAGIRAN WALA,32.8100237,73.8663245,Nominatim-reverse (unclassified)
34210207,GPS KALARA KHASA,32.5627852,74.064535,Nominatim-reverse (station)
34210069,GGHS KUNJAH,32.5627852,74.064535,Nominatim-reverse (station)
34210184,GGHS GILLAN WALA,32.5627852,74.064535,Nominatim-reverse (station)
34220439,GGPS KHAIR GHANSAR,32.8100237,73.8663245,Nominatim-reverse (unclassified)
35610189,GPS KOT MUHAMMAD HUSSAIN,31.4548712,73.7090967,Nominatim-reverse (station)
35641050,GGPS DERA SHAHBAZ KHAN,31.7169296,73.3760623,Nominatim-reverse (primary)
35640650,GPS SULTAN ABAD,31.7169296,73.3760623,Nominatim-reverse (primary)
35610539,GGPS KOT BENIDAS,31.4548712,73.7090967,Nominatim-reverse (station)
35610336,GPS WARA LAHIB SINGH,31.4548712,73.7090967,Nominatim-reverse (station)
31310562,GGES CHAK NO. 94/NP,28.4285056,70.3257913,Nominatim-reverse (primary)
31330241,GPS CHAK 49/P (PSSP),28.4237165,70.3108196,Nominatim-reverse (bank)
31340354,GPS MALIK KHAIR MUHAMMAD,,,Not Geocoded (no coordinates available)
31320695,GGPS BASTI RAEES USMAN,,,Not Geocoded (no coordinates available)
31310075,GGES DIN PUR SHARIF,28.4285056,70.3257913,Nominatim-reverse (primary)
31130398,GGPS CHAK NO 188/7-R E,29.190482,72.8553692,Nominatim-reverse (station)
31130369,GGPS CHAK NO 291 HR,29.190482,72.8553692,Nominatim-reverse (station)
31110050,GES FAROOQ ABAD,29.9935922,73.2527621,Nominatim-reverse (tertiary)
31130278,GGPS 195 HB,29.190482,72.8553692,Nominatim-reverse (station)
31140259,GPS CHAK NO.32/3-R,29.9603051,73.2533515,Nominatim-reverse (primary)
33230515,GGPS SHORKOT CANTT NO. 1,30.8349067,72.0764093,Nominatim-reverse (tertiary)
33220691,GGPS KULKURAI NO. 2,31.2777606,72.3213727,Nominatim-reverse (bus_station)
33230065,GES MIRAK SIAL,30.8349067,72.0764093,Nominatim-reverse (tertiary)
33220019,GHS PAKKAY WALA,31.2777606,72.3213727,Nominatim-reverse (bus_station)
33250398,GPS DOSA,31.1445463,71.8576839,Nominatim-reverse (secondary)
34630333,GGPS GADGOR,32.578007,73.4796617,Nominatim-reverse (guest_house)
34630071,GGHS BHOA HASAN,32.578007,73.4796617,Nominatim-reverse (guest_house)
34620292,GGPS MC DERA ROSHAN MBDIN,,,Not Geocoded (no coordinates available)
34620216,GGPS KOT AHMAD SHAH,,,Not Geocoded (no coordinates available)
34620121,GPS BHACHER,,,Not Geocoded (no coordinates available)
33410296,GPS RAZA NAGAR,,,Not Geocoded (no coordinates available)
33410240,GPS CHAK NO 466 JB DEPUTY WALA,,,Not Geocoded (no coordinates available)
33430143,GPS BASTI WALA,31.8235842,72.7989125,Nominatim-reverse (residential)
33420119,GGES BUKHARIAN,31.7309524,72.9834213,Nominatim-reverse (station)
33420110,GGES EID GAH NO. 1 CHINIOT,31.7309524,72.9834213,Nominatim-reverse (station)
32230667,GPS CHAK NO. 125-A/TDA,30.9681007,70.9433836,Nominatim-reverse (station)
32220320,GGES BASTI PITAFI,,,Not Geocoded (no coordinates available)
32230109,GGHS CHAK NO.162/TDA,30.9681007,70.9433836,Nominatim-reverse (station)
32210111,GPS HAFIZ ABAD,30.9656881,70.9459094,Nominatim-reverse (primary)
32220247,GGPS GARRAH SHUMALI,,,Not Geocoded (no coordinates available)
32122060,GGPS Hayat Muhammad,,,Not Geocoded (no coordinates available)
32130307,GPS BASTI YAQI,,,Not Geocoded (no coordinates available)
32130225,GPS MIR NAGAR,,,Not Geocoded (no coordinates available)
32130580,GGPS DR. GHULAM MUHAMMAD,,,Not Geocoded (no coordinates available)
32120673,GGPS LAKHIBHIR,,,Not Geocoded (no coordinates available)
32320476,GGES MANHAN (ARAIN WALA),30.405512,70.937831,Manual (Google Maps)
32310166,GGPS BASTI BARA,30.061283,71.1901326,Nominatim-reverse (primary)
32320579,GGPS CHAK NO. 565/TDA,,,Not Geocoded (no coordinates available)
32320475,GGPS BASTI SAIDAN,,,Not Geocoded (no coordinates available)
32330189,GPS KOTHELA,30.084183,71.1939667,Nominatim-reverse (station)
36420223,"GPS 44/10-R JADEED, P/O 44/10-R, JADEED",30.3022528,71.9278916,Nominatim-reverse (tertiary)
36420019,"GHS 30/10-R, KACHA KHUH",30.3022528,71.9278916,Nominatim-reverse (tertiary)
36410034,GGHSS JODH PUR KABIRWALA,30.3409282,71.90509,Nominatim-reverse (primary)
36430337,"GPS MODEL 113/15-L, P/O 116/15-L, MIAN CHANNU",30.4389367,72.3550547,Nominatim-reverse (primary)
36410376,"GMPS BAHADUR WALA, KABIRWALA",30.3409282,71.90509,Nominatim-reverse (primary)
39210362,GGPS 25/SP,30.3550157,73.3951195,Nominatim-reverse (station)
39220416,GGPS 79/EB-I ARIFWALA,30.2944504,73.0589418,Nominatim-reverse (grave_yard)
39220307,GGPS 26 EB,30.2944504,73.0589418,Nominatim-reverse (grave_yard)
39220400,GGES 52 EB PO 52 EB,30.2944504,73.0589418,Nominatim-reverse (grave_yard)
39220269,GGPS MC NO. 4 IQBAL NAGAR ARIFWALA,30.2944504,73.0589418,Nominatim-reverse (grave_yard)
36620075,GPS LAL BAGHALI,,,Not Geocoded (no coordinates available)
36630255,GGES 301 WB,29.8068303,71.7210552,Nominatim-reverse (station)
36610037,GHS CHAMB KULYAR,29.5403844,71.6230143,Nominatim-reverse (station)
36610049,GMES JAL WALA,29.5403844,71.6230143,Nominatim-reverse (station)
36630155,GPS CHAK NO. 386/WB,29.8068303,71.7210552,Nominatim-reverse (station)
32410358,GGPS BASTI SONHARA,29.6384224,70.5772492,Nominatim-reverse (station)
32420367,GGCMES MUDDASIR ABAD,29.1002542,70.3378699,Nominatim-reverse (station)
32420389,GGPS FIRDOUSI FARM,29.1002542,70.3378699,Nominatim-reverse (station)
32430225,GPS BASTI WADERA ABDUL RAZZAQ DULLANI,28.78785,70.00177,Nominatim-reverse (weighbridge)
32410347,GGPS BASTI MALKANI,29.6384224,70.5772492,Nominatim-reverse (station)
39110291,GPS 165-A/9-L,,,Not Geocoded (no coordinates available)
39110439,GGPS 40/12-L,,,Not Geocoded (no coordinates available)
39120475,GGPS CHENNA KARAMALI,30.6483426,73.098434,Nominatim-reverse (bus_station)
39110165,GGES 64/12-L,,,Not Geocoded (no coordinates available)
39120117,GES 154/9-L,30.6483426,73.098434,Nominatim-reverse (bus_station)
34520617,GES AMBALTAS,31.9000019,73.2713766,Nominatim-reverse (residential)
34520039,GGHS MADHORA KALAN,31.9000019,73.2713766,Nominatim-reverse (residential)
34520137,GES KOT KHUSHAL,31.9000019,73.2713766,Nominatim-reverse (residential)
34510043,GGES MURADIAN,32.0747092,73.6917073,Nominatim-reverse (station)
34520543,GPS NAUTHEEN STATION,31.9000019,73.2713766,Nominatim-reverse (residential)
37140021,GGHS KOT CHAJI,33.4317702,72.0196309,Nominatim-reverse (residential)
33221214,GGPS CHAK NO 259 PATOANA,31.2777606,72.3213727,Nominatim-reverse (bus_station)
34220031,GHS BHOTA,32.8100237,73.8663245,Nominatim-reverse (unclassified)
31120113,GGES CHAK NO. 200/M,29.7945611,72.857779,Nominatim-reverse (residential)
36430394,"GMPS 13/8-AR, P/O 20/8-R, TULAMBA",30.4389367,72.3550547,Nominatim-reverse (primary)
34110497,GPS DERA KULIAN,,,Not Geocoded (no coordinates available)
32210064,GPS CHAK NO 447 TDA,30.9656881,70.9459094,Nominatim-reverse (primary)
33140491,GGHS CHAK 117 JB,31.3711401,73.0706582,Nominatim-reverse (fuel)
36420009,"GHS 93/10-R, KHANEWAL",30.3022528,71.9278916,Nominatim-reverse (tertiary)
34510262,GES KARYALA,32.0747092,73.6917073,Nominatim-reverse (station)
39110150,GGHSS 21/11-L,30.530163,72.678457,Manual (Google Maps)
