Data_Type,EMIS_Code,School_Name,District,Tehsil,Level,School_Status,Building_Illegal_Occupation,Teachers_Sanctioned,Teachers_Filled,Teachers_Present_Today,Teachers_Absent_Today,Fill_Rate_Percent,Total_Enrolled,Total_Present,Attendance_Rate_Percent,Toilets_Total,Toilets_Functional,Boundary_Wall,Electricity,Drinking_Water,Cleanliness_Building,Notes,Monitoring_Date,Source_URL,Teacher_Presence_Rate_Percent,Teacher_Absence_Rate_Percent,Student_Absence_Rate_Percent,Functional_Toilet_Rate_Percent,Boundary_Wall_Indicator,Electricity_Indicator,Drinking_Water_Indicator,Government_Monitoring_Risk_Score,Audit_Priority,Derived_Features_Source
Real,35210186,GGHS KAMAHAN,LAHORE,MODEL TOWN,High,Open,No,24,24,23,1,100.0,1128,594,52.7,16,16,Yes-Wholly,Yes-Wholly,Yes-Wholly,Good,,18-03-2026,https://openpunjab.pesrp.edu.pk/schools/home/school_visit_detail/4257146,95.83,4.17,47.3,100.0,1.0,1,1,8.58,Low,Calculated from official PMIU/PESRP school-visit fields in Source_URL
Real,35210168,GGHS GHORAY SHAH (Newly upgraded),LAHORE,SHALIMAR,High,Open,No,23,18,18,0,78.3,625,564,90.2,6,6,Yes-Wholly,Yes-Wholly,Yes-Wholly,Good,,11-12-2024,https://openpunjab.pesrp.edu.pk/schools/home/school_visit_detail/3863896,100.0,0.0,9.8,100.0,1.0,1,1,1.63,Low,Calculated from official PMIU/PESRP school-visit fields in Source_URL
Real,35220155,GGHS MARAKA VILLAGE (Newly upgraded),LAHORE,RAIWIND,High,Open,No,14,14,9,5,100.0,653,560,85.8,6,6,Yes-Wholly,Yes-Wholly,Yes-Wholly,Good,Land adjacent to school unattended due to no boundary wall on that side,27-02-2025,https://openpunjab.pesrp.edu.pk/schools/home/school_visit_detail/3945400,64.29,35.71,14.2,100.0,1.0,1,1,8.32,Low,Calculated from official PMIU/PESRP school-visit fields in Source_URL
Real,37150049,GPS BHALESAR,ATTOCK,HASSANABDAL,Primary,Open,No,5,2,2,0,40.0,114,105,92.1,4,4,Yes-Wholly,Yes-Wholly,Yes-Wholly,Good,,08-10-2025,https://openpunjab.pesrp.edu.pk/schools/home/school_visit_detail/4085472,100.0,0.0,7.9,100.0,1.0,1,1,1.32,Low,Calculated from official PMIU/PESRP school-visit fields in Source_URL
Real,34110639,GGHS Z-BLOCK PEOPLES COLONY,GUJRANWALA,GUJRANWALA CITY,High,Open,No,9,7,5,2,77.8,311,302,97.1,14,14,Yes-Wholly,Yes-Wholly,Yes-Wholly,Good,,19-03-2025,https://openpunjab.pesrp.edu.pk/schools/home/school_visit_detail/3968633,71.43,28.57,2.9,100.0,1.0,1,1,5.25,Low,Calculated from official PMIU/PESRP school-visit fields in Source_URL
Real,37230021,GGHS PAIL MIRZA,JHELUM,SOHAWA,High,Open,No,15,15,11,3,100.0,298,259,86.9,9,9,Yes-Wholly,Yes-Wholly,Yes-Wholly,Good,,20-04-2026,https://openpunjab.pesrp.edu.pk/schools/home/school_visit_detail/4288688,73.33,20.0,13.1,100.0,1.0,1,1,5.52,Low,Calculated from official PMIU/PESRP school-visit fields in Source_URL
Real,31240061,GGES CHAK NO.42/DNB,BAHAWALPUR,YAZMAN,Middle,Open,No,9,3,2,1,33.3,127,126,99.2,5,5,Yes-Wholly,Yes-Wholly,Yes-Wholly,Good,Head Teacher did not sign visit report,17-03-2015,https://openpunjab.pesrp.edu.pk/schools/home/school_visit_detail/417730,66.67,33.33,0.8,100.0,1.0,1,1,5.69,Low,Calculated from official PMIU/PESRP school-visit fields in Source_URL
Real,33120361,GGES CHAK 53 GB JARANWALA,FAISALABAD,JARANWALA,Middle,Open,No,10,10,9,1,100.0,447,400,89.5,6,6,Yes-Wholly,Yes-Wholly,Yes-Wholly,Good,,24-03-2023,https://openpunjab.pesrp.edu.pk/schools/home/school_visit_detail/3372967,90.0,10.0,10.5,100.0,1.0,1,1,3.42,Low,Calculated from official PMIU/PESRP school-visit fields in Source_URL
Real,33130237,GGES CHAK 529 GB SAMUNDRI,FAISALABAD,SAMUNDARI,Middle,Open,No,12,3,3,0,25.0,177,160,90.4,6,6,No,Yes-Wholly,Yes-Wholly,Good,150 feet boundary wall required for this school,09-03-2026,https://openpunjab.pesrp.edu.pk/schools/home/school_visit_detail/4239608,100.0,0.0,9.6,100.0,0.0,1,1,18.27,Low,Calculated from official PMIU/PESRP school-visit fields in Source_URL
Real,38420087,GGHS ZM REHMAN PURA ROAD SGD,SARGODHA,SARGODHA,High,Open,No,33,31,26,5,93.9,925,686,74.2,15,15,Yes-Wholly,Yes-Wholly,Yes-Wholly,Good,,26-10-2023,https://openpunjab.pesrp.edu.pk/schools/home/school_visit_detail/3557041,83.87,16.13,25.8,100.0,1.0,1,1,6.99,Low,Calculated from official PMIU/PESRP school-visit fields in Source_URL
Real,36420071,GHS 58/10-R KHANEWAL,KHANEWAL,KHANEWAL,High,Open,No,25,13,11,2,52.0,643,342,53.2,12,11,Yes-Wholly,Yes-Wholly,Yes-Wholly,Good,1 toilet nonfunctional,03-12-2024,https://openpunjab.pesrp.edu.pk/schools/home/school_visit_detail/3851119,84.62,15.38,46.8,91.67,1.0,1,1,11.75,Low,Calculated from official PMIU/PESRP school-visit fields in Source_URL
Real,39330014,GHS MODEL RENALA KHURD,OKARA,RENALA KHURD,High,Open,No,63,46,42,4,73.0,1054,900,85.4,23,23,Yes-Wholly,Yes-Wholly,Yes-Wholly,Good,,23-05-2025,https://openpunjab.pesrp.edu.pk/schools/home/school_visit_detail/4040341,91.3,8.7,14.6,100.0,1.0,1,1,3.88,Low,Calculated from official PMIU/PESRP school-visit fields in Source_URL
Real,31260240,GPS HAJI KHAMEESA,BAHAWALPUR,BAHAWALPUR SADAR,Primary,Open,No,4,2,2,0,50.0,101,93,92.1,2,2,Yes-Wholly,Yes-Wholly,Yes-Wholly,Good,,06-02-2025,https://openpunjab.pesrp.edu.pk/schools/home/school_visit_detail/3913623,100.0,0.0,7.9,100.0,1.0,1,1,1.32,Low,Calculated from official PMIU/PESRP school-visit fields in Source_URL
Real,34140170,GPS GHARRI,GUJRANWALA,NOSHERA VIRKAN,Primary,Open,No,13,9,8,1,69.2,324,272,84.0,6,5,Yes-Wholly,Yes-Wholly,Yes-Wholly,Good,,17-12-2025,https://openpunjab.pesrp.edu.pk/schools/home/school_visit_detail/4162634,88.89,11.11,16.0,83.33,1.0,1,1,7.3,Low,Calculated from official PMIU/PESRP school-visit fields in Source_URL
Real,34220737,GPS BUGHNA,GUJRAT,KHARIAN,Primary,Open,No,4,2,2,0,50.0,84,78,92.9,3,3,Yes-Wholly,Yes-Wholly,Yes-Wholly,Good,,09-12-2025,https://openpunjab.pesrp.edu.pk/schools/home/school_visit_detail/4153720,100.0,0.0,7.1,100.0,1.0,1,1,1.18,Low,Calculated from official PMIU/PESRP school-visit fields in Source_URL
Real,39310993,GHS NO.1 BASIR PUR MAIN ROAD,OKARA,DEPALPUR,High,Open,No,38,35,33,2,92.1,1414,1201,84.9,14,12,No,Yes-Wholly,Yes-Wholly,Good,Boundary wall not available; 2 toilets nonfunctional,14-10-2024,https://openpunjab.pesrp.edu.pk/schools/home/school_visit_detail/3800928,94.29,5.71,15.1,85.71,0.0,1,1,22.52,Low,Calculated from official PMIU/PESRP school-visit fields in Source_URL
Real,32330082,GGHS BHUTTA PUR,MUZAFFARGARH,MUZAFFARGARH,High,Open,No,18,18,17,1,100.0,570,405,71.1,11,11,Yes-Wholly,Yes-Wholly,Yes-Wholly,Good,,05-12-2024,https://openpunjab.pesrp.edu.pk/schools/home/school_visit_detail/3856564,94.44,5.56,28.9,100.0,1.0,1,1,5.74,Low,Calculated from official PMIU/PESRP school-visit fields in Source_URL
Real,37340007,GHS USMAN KHATTAR,RAWALPINDI,TAXILA,High,Open,No,18,14,13,1,77.8,330,310,93.9,11,11,Yes-Wholly,Yes-Wholly,Yes-Wholly,Good,,10-12-2024,https://openpunjab.pesrp.edu.pk/schools/home/school_visit_detail/3861357,92.86,7.14,6.1,100.0,1.0,1,1,2.21,Low,Calculated from official PMIU/PESRP school-visit fields in Source_URL
Real,37330123,GHS MC AMAR PURA RAWALPINDI,RAWALPINDI,RAWALPINDI,High,Open,No,16,14,14,0,87.5,457,402,88.0,3,3,Yes-Wholly,Yes-Wholly,Yes-Wholly,Good,3 classrooms used as DO(MC) office; shares building/washrooms with another school (GGES Husainabad); washrooms lacking for children,13-10-2015,https://openpunjab.pesrp.edu.pk/schools/home/school_visit_detail/655192,100.0,0.0,12.0,100.0,1.0,1,1,2.0,Low,Calculated from official PMIU/PESRP school-visit fields in Source_URL
Real,33221148,GMPS CHAK NO 166 JB DOKA,JHANG,JHANG,Primary,Open,No,4,2,2,0,50.0,101,56,55.4,6,6,Yes-Wholly,Yes-Wholly,Yes-Wholly,Good,,20-01-2026,https://openpunjab.pesrp.edu.pk/schools/home/school_visit_detail/4168660,100.0,0.0,44.6,100.0,1.0,1,1,7.43,Low,Calculated from official PMIU/PESRP school-visit fields in Source_URL
Real,33310079,GGHS CHAK 159 GB,T.T.SINGH,GOJRA,High,Open,No,14,13,12,1,92.9,450,389,86.4,10,10,Yes-Partially,Yes-Wholly,Yes-Wholly,Good,,21-02-2024,https://openpunjab.pesrp.edu.pk/schools/home/school_visit_detail/3665301,92.31,7.69,13.6,100.0,,1,1,3.55,Low,Calculated from official PMIU/PESRP school-visit fields in Source_URL
Real,39310174,GGES AMLI MOTI,OKARA,DEPALPUR,Middle,Open,No,14,12,12,0,85.7,285,174,61.1,6,6,Yes-Wholly,Yes-Wholly,Yes-Wholly,Good,,08-04-2025,https://openpunjab.pesrp.edu.pk/schools/home/school_visit_detail/3982965,100.0,0.0,38.9,100.0,1.0,1,1,6.48,Low,Calculated from official PMIU/PESRP school-visit fields in Source_URL
Real,34220780,GGHS NAWAZ SHARIF LALA MUSA,GUJRAT,KHARIAN,High,Open,No,8,6,6,0,75.0,368,294,79.9,5,5,Yes-Wholly,Yes-Wholly,Yes-Wholly,Good,,04-12-2024,https://openpunjab.pesrp.edu.pk/schools/home/school_visit_detail/3854424,100.0,0.0,20.1,100.0,1.0,1,1,3.35,Low,Calculated from official PMIU/PESRP school-visit fields in Source_URL
Real,33110019,GPS CHAK 214 RB E,FAISALABAD,FAISALABAD CITY,Primary,Open,No,9,8,5,3,88.89,290,269,92.76,5,5,Yes-Wholly,Yes-Wholly,Yes-Wholly,Good,,12-02-2026,https://openpunjab.pesrp.edu.pk/schools/home/school_visit_detail/4196641,62.5,37.5,7.24,100.0,1.0,1,1,7.46,Low,Calculated from official PMIU/PESRP school-visit fields in Source_URL
Real,33110371,GGHS MC PEOPLES COLONY FAISALABAD,FAISALABAD,FAISALABAD CITY,High,Open,No,37,28,26,2,75.68,763,633,82.96,11,11,Yes-Wholly,Yes-Wholly,Yes-Wholly,Good,,05-03-2026,https://openpunjab.pesrp.edu.pk/schools/home/school_visit_detail/4237333,92.86,7.14,17.04,100.0,1.0,1,1,4.03,Low,Calculated from official PMIU/PESRP school-visit fields in Source_URL
Real,33150025,GPS 141 RB II,FAISALABAD,CHAK JHUMARA,Primary,Open,No,8,8,3,1,100.0,214,191,89.25,6,6,Yes-Wholly,Yes-Wholly,Yes-Wholly,Good,,27-04-2026,https://openpunjab.pesrp.edu.pk/schools/home/school_visit_detail/4300887/list/,37.5,12.5,10.75,100.0,1.0,1,1,3.88,Low,Calculated from official PMIU/PESRP school-visit fields in Source_URL
Real,33140544,GHSS 209/RB,FAISALABAD,FAISALABAD SADDAR,H.Sec.,Open,No,49,27,27,0,55.1,684,635,92.84,14,14,Yes-Wholly,Yes-Wholly,Yes-Wholly,Good,,09-02-2026,https://openpunjab.pesrp.edu.pk/schools/home/school_visit_detail/4189848,100.0,0.0,7.16,100.0,1.0,1,1,1.19,Low,Calculated from official PMIU/PESRP school-visit fields in Source_URL
Real,33120254,GPS 434 GB,FAISALABAD,JARANWALA,Primary,Open,No,7,4,4,0,57.14,221,207,93.67,6,6,Yes-Wholly,Yes-Wholly,Yes-Wholly,Good,,27-02-2026,https://openpunjab.pesrp.edu.pk/schools/home/school_visit_detail/4228899,100.0,0.0,6.33,100.0,1.0,1,1,1.05,Low,Calculated from official PMIU/PESRP school-visit fields in Source_URL
Real,33160266,GGPS 595 GB,FAISALABAD,TANDLIAN WALA,Primary,Open,No,5,2,2,0,40.0,106,105,99.06,3,3,Yes-Wholly,Yes-Wholly,Yes-Wholly,Good,,11-02-2026,https://openpunjab.pesrp.edu.pk/schools/home/school_visit_detail/4194793,100.0,0.0,0.94,100.0,1.0,1,1,0.16,Low,Calculated from official PMIU/PESRP school-visit fields in Source_URL
Real,33130129,GPS 209 GB,FAISALABAD,SAMUNDARI,Primary,Open,No,8,3,3,0,37.5,153,150,98.04,7,7,Yes-Wholly,Yes-Wholly,Yes-Wholly,Good,,11-02-2026,https://openpunjab.pesrp.edu.pk/schools/home/school_visit_detail/4194836,100.0,0.0,1.96,100.0,1.0,1,1,0.33,Low,Calculated from official PMIU/PESRP school-visit fields in Source_URL
Real,35210591,GGPS SOHARWARDIA,LAHORE,SHALIMAR,Primary,Open,No,4,2,2,0,50.0,158,140,88.61,2,2,Yes-Wholly,Yes-Wholly,Yes-Wholly,Average,AEO last visited 29-10-2025; building on rent; maintenance/paint required; two classes conducted in open area.,17-11-2025,https://openpunjab.pesrp.edu.pk/schools/home/school_visit_detail/4129169,100.0,0.0,11.39,100.0,1.0,1,1,1.9,Low,Calculated from official PMIU/PESRP school-visit fields in Source_URL
Real,35220159,GES MAZAR BABA REHMAT SHAH (EX-MCL),LAHORE,RAIWIND,Middle,Open,No,18,13,11,2,72.22,667,578,86.66,10,10,Yes-Wholly,Yes-Wholly,Yes-Wholly,Good,Furniture required/repairs noted; some whitewash and window repair work required.,18-09-2025,https://openpunjab.pesrp.edu.pk/schools/home/school_visit_detail/4067971,84.62,15.38,13.34,100.0,1.0,1,1,4.79,Low,Calculated from official PMIU/PESRP school-visit fields in Source_URL
Real,35210798,GGES SHALIMAR TOWN (EX-MCL),LAHORE,SHALIMAR,Middle,Open,No,17,16,4,12,94.12,559,66,11.81,10,10,Yes-Wholly,Yes-Wholly,Yes-Wholly,Good,12 PST teachers of primary section were on examinations duty; 493 students were on examinations off.,25-03-2026,https://openpunjab.pesrp.edu.pk/schools/home/school_visit_detail/4259043/list/,25.0,75.0,88.19,100.0,1.0,1,1,27.2,Medium,Calculated from official PMIU/PESRP school-visit fields in Source_URL
Real,35210011,GHS KARIM BLOCK ALLAMA IQBAL TOWN,LAHORE,MODEL TOWN,High,Open,No,58,37,32,5,63.79,1301,952,73.17,46,46,Yes-Wholly,Yes-Wholly,Yes-Wholly,Good,Official PMIU visit record; AEO visit date 30-10-2025.,17-11-2025,https://openpunjab.pesrp.edu.pk/schools/home/school_visit_detail/4128057,86.49,13.51,26.83,100.0,1.0,1,1,6.72,Low,Calculated from official PMIU/PESRP school-visit fields in Source_URL
Real,35210049,GHS GULBERG LAHORE CANTT (FATEH ABAD),LAHORE,CANTT,High,Open,No,37,25,20,5,67.57,874,616,70.48,14,8,Yes-Wholly,Yes-Wholly,Yes-Wholly,Good,06 of 14 toilets nonfunctional due to outer-side blockage; school ground reported muddy.,16-12-2025,https://openpunjab.pesrp.edu.pk/schools/home/school_visit_detail/4161960,80.0,20.0,29.52,57.14,1.0,1,1,15.4,Low,Calculated from official PMIU/PESRP school-visit fields in Source_URL
Real,35220493,GMMS SODIWAL PIND BAND ROAD LAHORE,LAHORE,CITY,Mosque School,Open,No,3,3,2,1,100.0,70,63,90.0,2,2,Yes-Wholly,Yes-Wholly,Yes-Wholly,Good,Masjid maktab school; MEA remarked school may be merged with nearby school or a new school established in this area,23-04-2025,https://openpunjab.pesrp.edu.pk/schools/home/school_visit_detail/4007670,66.67,33.33,10.0,100.0,1.0,1.0,1.0,7.22,Medium,Calculated from official PMIU/PESRP school-visit fields in Source_URL
Real,35210020,GHS MUSLIM LAHORE CANTT,LAHORE,CANTT,High,Open,No,40,21,20,1,52.5,605,224,37.02,13,13,Yes-Wholly,Yes-Wholly,Yes-Wholly,Good,Enrollment/present figures in official form only itemised for class 10 (224) despite total enrollment 605 - likely incomplete class-wise reporting on the source form rather than true absenteeism,26-03-2025,https://openpunjab.pesrp.edu.pk/schools/home/school_visit_detail/3979264,95.24,4.76,62.98,100.0,1.0,1.0,1.0,11.29,Medium,Calculated from official PMIU/PESRP school-visit fields in Source_URL
Real,36430098,GGES 50/15-L MIAN CHANNU,KHANEWAL,MIAN CHANNU,Middle,Open,No,13,8,8,0,61.54,480,444,92.5,14,14,Yes-Partially,Yes-Wholly,Yes-Wholly,Good,,15-12-2025,https://openpunjab.pesrp.edu.pk/schools/home/school_visit_detail/4158683,100.0,0.0,7.5,100.0,,1.0,1.0,1.25,Low,Calculated from official PMIU/PESRP school-visit fields in Source_URL
Real,37330556,GGPS MC MOHRI KAMBAL,RAWALPINDI,RAWALPINDI,Primary,Open,No,4,3,3,0,75.0,73,59,80.82,5,5,Yes-Wholly,Yes-Wholly,Yes-Wholly,Good,MEA noted headmistress name inconsistent between PMIU and SIS; NSB record not updated; class 3 roster not updated after promotions,04-11-2025,https://openpunjab.pesrp.edu.pk/schools/home/school_visit_detail/4114495,100.0,0.0,19.18,100.0,1.0,1.0,1.0,3.2,Low,Calculated from official PMIU/PESRP school-visit fields in Source_URL
Real,35220032,GHSS MOZANG LAHORE,LAHORE,CITY,H.Sec.,Open,No,43,22,15,7,51.16,402,149,37.06,15,11,Yes-Wholly,Yes-Wholly,Yes-Wholly,Good,Teacher on unauthorized long-term absence since June 2024 with no action taken; security guard falsely marked present; choukidar residing in school with family; 4 of 15 toilets nonfunctional; grades 11-12 had zero students present at visit,27-01-2025,https://openpunjab.pesrp.edu.pk/schools/home/school_visit_detail/3900174,68.18,31.82,62.94,73.33,1.0,1.0,1.0,20.24,Medium,Calculated from official PMIU/PESRP school-visit fields in Source_URL
Real,35220064,GGHS PAK STANDARD SHAD BAGH LAHORE,LAHORE,CITY,High,Open,No,57,46,40,6,80.7,2094,349,16.67,20,20,Yes-Wholly,Yes-Wholly,Yes-Wholly,Good,"Most grades (ECE,prep,1,2,6,7,8,9,10) were on exam duty/off during visit, explaining low headcount; leave-record discrepancy noted for one transferred PST teacher",21-03-2025,https://openpunjab.pesrp.edu.pk/schools/home/school_visit_detail/3971996,86.96,13.04,83.33,100.0,1.0,1.0,1.0,16.06,High,Calculated from official PMIU/PESRP school-visit fields in Source_URL
Real,37330117,GHS KHAYABAN-E-SIR SYED SECTOR 4-B,RAWALPINDI,RAWALPINDI,High,Open,No,30,24,20,4,80.0,899,519,57.73,14,14,Yes-Wholly,Yes-Wholly,Yes-Wholly,Good,Two PST teachers shown present on attendance register but not reflected in SIS system (one reportedly on dengue duty elsewhere) - register/SIS mismatch flag; NSB record not updated on SIS,27-10-2025,https://openpunjab.pesrp.edu.pk/schools/home/school_visit_detail/4108928,83.33,16.67,42.27,100.0,1.0,1.0,1.0,9.82,Medium,Calculated from official PMIU/PESRP school-visit fields in Source_URL
Synthetic,99990001,GPS CHAK FAKE-1 (Synthetic Test Case),MULTAN,MULTAN CITY,Primary,Open,Yes,6,1,0,1,16.67,180,8,4.44,3,0,No,No,No,Poor,SYNTHETIC TEST CASE (not a real school): building reportedly used as private residence; no functional facilities; near-zero attendance despite high paper enrollment,01-01-2026,"Synthetic - for model validation, not a real PMIU record",0.0,100.0,95.56,0.0,0.0,0.0,0.0,99.26,High,Synthetic - constructed for ghost-school model validation
Synthetic,99990002,GGPS FAKE VILLAGE-2 (Synthetic Test Case),BAHAWALPUR,BAHAWALPUR SADAR,Primary,Closed,Yes,4,0,0,0,0.0,95,0,0.0,2,0,No,No,No,Poor,SYNTHETIC TEST CASE (not a real school): school found locked on visit day; no staff present; community reports non-functional for over a year despite active enrollment records,01-01-2026,"Synthetic - for model validation, not a real PMIU record",0,0,100.0,0.0,0.0,0.0,0.0,83.33,High,Synthetic - constructed for ghost-school model validation
Synthetic,99990003,GHS FAKE TOWN-3 (Synthetic Test Case),SAHIWAL,SAHIWAL,High,Open,No,20,18,3,15,90.0,850,40,4.71,10,2,Yes-Wholly,No,No,Poor,SYNTHETIC TEST CASE (not a real school): high sanctioned/filled teacher count on paper but only 3 physically present; mass unexplained absences; suspected ghost-teacher salary fraud,01-01-2026,"Synthetic - for model validation, not a real PMIU record",16.67,83.33,95.29,20.0,1.0,0.0,0.0,76.44,High,Synthetic - constructed for ghost-school model validation
Synthetic,99990004,GGES FAKE COLONY-4 (Synthetic Test Case),SIALKOT,SIALKOT,Middle,Open,Yes,8,6,6,0,75.0,220,210,95.45,6,6,Yes-Wholly,Yes-Wholly,Yes-Wholly,Good,"SYNTHETIC EDGE-CASE TEST (not a real school): every attendance/facility metric looks clean, EXCEPT two classrooms are confirmed rented to a private tuition academy. Included to test whether the model catches illegal-occupation fraud that a pure attendance-based score would miss.",01-01-2026,"Synthetic - for model validation, not a real PMIU record",100.0,0.0,4.55,100.0,1.0,1.0,1.0,0.76,High,Synthetic - constructed for ghost-school model validation
Synthetic,99990005,GPS FAKE HAMLET-5 (Synthetic Test Case),RAJANPUR,RAJANPUR,Primary,Open,No,3,3,3,0,100.0,210,205,97.62,1,1,Yes-Wholly,Yes-Wholly,Yes-Wholly,Good,"SYNTHETIC EDGE-CASE TEST (not a real school): enrollment (210) and attendance (205) are implausibly high for a 3-teacher, 1-toilet primary school. Included to test whether the model flags statistically implausible enrollment-to-capacity ratios, since every individual metric looks clean in isolation.",01-01-2026,"Synthetic - for model validation, not a real PMIU record",100.0,0.0,2.38,100.0,1.0,1.0,1.0,0.4,Medium,Synthetic - constructed for ghost-school model validation
Synthetic,99990006,GHSS FAKE JUNCTION-6 (Synthetic Test Case),VEHARI,VEHARI,H.Sec.,Open,No,25,10,2,8,40.0,600,55,9.17,8,1,No,Yes-Partially,No,Poor,"SYNTHETIC TEST CASE (not a real school): combination of low fill rate, near-total teacher absenteeism, collapsed facilities and single-digit attendance - textbook high-confidence ghost-school profile for model calibration",01-01-2026,"Synthetic - for model validation, not a real PMIU record",20.0,80.0,90.83,12.5,0.0,,0.0,76.39,High,Synthetic - constructed for ghost-school model validation
Synthetic,99990007,GES FAKE OUTPOST-7 (Synthetic Test Case),D.G.KHAN,D.G.KHAN,Middle,Open,No,10,9,8,1,90.0,300,270,90.0,5,5,Yes-Wholly,Yes-Wholly,Yes-Wholly,Good,SYNTHETIC TRUE-NEGATIVE CONTROL (not a real school): fully clean monitoring record on every metric - included so the model learns to correctly clear well-functioning schools rather than over-flagging,01-01-2026,"Synthetic - for model validation, not a real PMIU record",88.89,11.11,10.0,100.0,1.0,1.0,1.0,3.52,Low,Synthetic - constructed for ghost-school model validation
