Data_Type,EMIS_Code,School_Name,District,Tehsil,Level,School_Status,Building_Illegal_Occupation,Teachers_Sanctioned,Teachers_Filled,Teachers_Present_Today,Teachers_Absent_Today,Total_Enrolled,Total_Present,Toilets_Total,Toilets_Functional,Boundary_Wall,Electricity,Drinking_Water,Cleanliness_Building,Notes,Monitoring_Date,Source_URL
Real (PMIU Visit),35210186,GGHS KAMAHAN,LAHORE,MODEL TOWN,High,Open,No,24,24,23,1,1128,594,16,16,Yes-Wholly,Yes-Wholly,Yes-Wholly,Good,,18-03-2026,https://openpunjab.pesrp.edu.pk/schools/home/school_visit_detail/4257146
Real (PMIU Visit),35210168,GGHS GHORAY SHAH (Newly upgraded),LAHORE,SHALIMAR,High,Open,No,23,18,18,0,625,564,6,6,Yes-Wholly,Yes-Wholly,Yes-Wholly,Good,,11-12-2024,https://openpunjab.pesrp.edu.pk/schools/home/school_visit_detail/3863896
Real (PMIU Visit),35220155,GGHS MARAKA VILLAGE (Newly upgraded),LAHORE,RAIWIND,High,Open,No,14,14,9,5,653,560,6,6,Yes-Wholly,Yes-Wholly,Yes-Wholly,Good,Land adjacent to school unattended due to no boundary wall on that side,27-02-2025,https://openpunjab.pesrp.edu.pk/schools/home/school_visit_detail/3945400
Real (PMIU Visit),37150049,GPS BHALESAR,ATTOCK,HASSANABDAL,Primary,Open,No,5,2,2,0,114,105,4,4,Yes-Wholly,Yes-Wholly,Yes-Wholly,Good,,08-10-2025,https://openpunjab.pesrp.edu.pk/schools/home/school_visit_detail/4085472
Real (PMIU Visit),34110639,GGHS Z-BLOCK PEOPLES COLONY,GUJRANWALA,GUJRANWALA CITY,High,Open,No,9,7,5,2,311,302,14,14,Yes-Wholly,Yes-Wholly,Yes-Wholly,Good,,19-03-2025,https://openpunjab.pesrp.edu.pk/schools/home/school_visit_detail/3968633
Real (PMIU Visit),37230021,GGHS PAIL MIRZA,JHELUM,SOHAWA,High,Open,No,15,15,11,3,298,259,9,9,Yes-Wholly,Yes-Wholly,Yes-Wholly,Good,,20-04-2026,https://openpunjab.pesrp.edu.pk/schools/home/school_visit_detail/4288688
Real (PMIU Visit),31240061,GGES CHAK NO.42/DNB,BAHAWALPUR,YAZMAN,Middle,Open,No,9,3,2,1,127,126,5,5,Yes-Wholly,Yes-Wholly,Yes-Wholly,Good,Head Teacher did not sign visit report,17-03-2015,https://openpunjab.pesrp.edu.pk/schools/home/school_visit_detail/417730
Real (PMIU Visit),33120361,GGES CHAK 53 GB JARANWALA,FAISALABAD,JARANWALA,Middle,Open,No,10,10,9,1,447,400,6,6,Yes-Wholly,Yes-Wholly,Yes-Wholly,Good,,24-03-2023,https://openpunjab.pesrp.edu.pk/schools/home/school_visit_detail/3372967
Real (PMIU Visit),33130237,GGES CHAK 529 GB SAMUNDRI,FAISALABAD,SAMUNDARI,Middle,Open,No,12,3,3,0,177,160,6,6,No,Yes-Wholly,Yes-Wholly,Good,150 feet boundary wall required for this school,09-03-2026,https://openpunjab.pesrp.edu.pk/schools/home/school_visit_detail/4239608
Real (PMIU Visit),38420087,GGHS ZM REHMAN PURA ROAD SGD,SARGODHA,SARGODHA,High,Open,No,33,31,26,5,925,686,15,15,Yes-Wholly,Yes-Wholly,Yes-Wholly,Good,,26-10-2023,https://openpunjab.pesrp.edu.pk/schools/home/school_visit_detail/3557041
Real (PMIU Visit),36420071,GHS 58/10-R KHANEWAL,KHANEWAL,KHANEWAL,High,Open,No,25,13,11,2,643,342,12,11,Yes-Wholly,Yes-Wholly,Yes-Wholly,Good,1 toilet nonfunctional,03-12-2024,https://openpunjab.pesrp.edu.pk/schools/home/school_visit_detail/3851119
Real (PMIU Visit),39330014,GHS MODEL RENALA KHURD,OKARA,RENALA KHURD,High,Open,No,63,46,42,4,1054,900,23,23,Yes-Wholly,Yes-Wholly,Yes-Wholly,Good,,23-05-2025,https://openpunjab.pesrp.edu.pk/schools/home/school_visit_detail/4040341
Real (PMIU Visit),31260240,GPS HAJI KHAMEESA,BAHAWALPUR,BAHAWALPUR SADAR,Primary,Open,No,4,2,2,0,101,93,2,2,Yes-Wholly,Yes-Wholly,Yes-Wholly,Good,,06-02-2025,https://openpunjab.pesrp.edu.pk/schools/home/school_visit_detail/3913623
Real (PMIU Visit),34140170,GPS GHARRI,GUJRANWALA,NOSHERA VIRKAN,Primary,Open,No,13,9,8,1,324,272,6,5,Yes-Wholly,Yes-Wholly,Yes-Wholly,Good,,17-12-2025,https://openpunjab.pesrp.edu.pk/schools/home/school_visit_detail/4162634
Real (PMIU Visit),34220737,GPS BUGHNA,GUJRAT,KHARIAN,Primary,Open,No,4,2,2,0,84,78,3,3,Yes-Wholly,Yes-Wholly,Yes-Wholly,Good,,09-12-2025,https://openpunjab.pesrp.edu.pk/schools/home/school_visit_detail/4153720
Real (PMIU Visit),39310993,GHS NO.1 BASIR PUR MAIN ROAD,OKARA,DEPALPUR,High,Open,No,38,35,33,2,1414,1201,14,12,No,Yes-Wholly,Yes-Wholly,Good,Boundary wall not available; 2 toilets nonfunctional,14-10-2024,https://openpunjab.pesrp.edu.pk/schools/home/school_visit_detail/3800928
Real (PMIU Visit),32330082,GGHS BHUTTA PUR,MUZAFFARGARH,MUZAFFARGARH,High,Open,No,18,18,17,1,570,405,11,11,Yes-Wholly,Yes-Wholly,Yes-Wholly,Good,,05-12-2024,https://openpunjab.pesrp.edu.pk/schools/home/school_visit_detail/3856564
Real (PMIU Visit),37340007,GHS USMAN KHATTAR,RAWALPINDI,TAXILA,High,Open,No,18,14,13,1,330,310,11,11,Yes-Wholly,Yes-Wholly,Yes-Wholly,Good,,10-12-2024,https://openpunjab.pesrp.edu.pk/schools/home/school_visit_detail/3861357
Real (PMIU Visit),37330123,GHS MC AMAR PURA RAWALPINDI,RAWALPINDI,RAWALPINDI,High,Open,No,16,14,14,0,457,402,3,3,Yes-Wholly,Yes-Wholly,Yes-Wholly,Good,3 classrooms used as DO(MC) office; shares building/washrooms with another school (GGES Husainabad); washrooms lacking for children,13-10-2015,https://openpunjab.pesrp.edu.pk/schools/home/school_visit_detail/655192
Real (PMIU Visit),33221148,GMPS CHAK NO 166 JB DOKA,JHANG,JHANG,Primary,Open,No,4,2,2,0,101,56,6,6,Yes-Wholly,Yes-Wholly,Yes-Wholly,Good,,20-01-2026,https://openpunjab.pesrp.edu.pk/schools/home/school_visit_detail/4168660
Real (PMIU Visit),33310079,GGHS CHAK 159 GB,T.T.SINGH,GOJRA,High,Open,No,14,13,12,1,450,389,10,10,Yes-Partially,Yes-Wholly,Yes-Wholly,Good,,21-02-2024,https://openpunjab.pesrp.edu.pk/schools/home/school_visit_detail/3665301
Real (PMIU Visit),39310174,GGES AMLI MOTI,OKARA,DEPALPUR,Middle,Open,No,14,12,12,0,285,174,6,6,Yes-Wholly,Yes-Wholly,Yes-Wholly,Good,,08-04-2025,https://openpunjab.pesrp.edu.pk/schools/home/school_visit_detail/3982965
Real (PMIU Visit),34220780,GGHS NAWAZ SHARIF LALA MUSA,GUJRAT,KHARIAN,High,Open,No,8,6,6,0,368,294,5,5,Yes-Wholly,Yes-Wholly,Yes-Wholly,Good,,04-12-2024,https://openpunjab.pesrp.edu.pk/schools/home/school_visit_detail/3854424
Real (PMIU Visit),33110019,GPS CHAK 214 RB E,FAISALABAD,FAISALABAD CITY,Primary,Open,No,9,8,5,3,290,269,5,5,Yes-Wholly,Yes-Wholly,Yes-Wholly,Good,,12-02-2026,https://openpunjab.pesrp.edu.pk/schools/home/school_visit_detail/4196641
Real (PMIU Visit),33110371,GGHS MC PEOPLES COLONY FAISALABAD,FAISALABAD,FAISALABAD CITY,High,Open,No,37,28,26,2,763,633,11,11,Yes-Wholly,Yes-Wholly,Yes-Wholly,Good,,05-03-2026,https://openpunjab.pesrp.edu.pk/schools/home/school_visit_detail/4237333
Real (PMIU Visit),33150025,GPS 141 RB II,FAISALABAD,CHAK JHUMARA,Primary,Open,No,8,8,3,1,214,191,6,6,Yes-Wholly,Yes-Wholly,Yes-Wholly,Good,,27-04-2026,https://openpunjab.pesrp.edu.pk/schools/home/school_visit_detail/4300887/list/
Real (PMIU Visit),33140544,GHSS 209/RB,FAISALABAD,FAISALABAD SADDAR,H.Sec.,Open,No,49,27,27,0,684,635,14,14,Yes-Wholly,Yes-Wholly,Yes-Wholly,Good,,09-02-2026,https://openpunjab.pesrp.edu.pk/schools/home/school_visit_detail/4189848
Real (PMIU Visit),33120254,GPS 434 GB,FAISALABAD,JARANWALA,Primary,Open,No,7,4,4,0,221,207,6,6,Yes-Wholly,Yes-Wholly,Yes-Wholly,Good,,27-02-2026,https://openpunjab.pesrp.edu.pk/schools/home/school_visit_detail/4228899
Real (PMIU Visit),33160266,GGPS 595 GB,FAISALABAD,TANDLIAN WALA,Primary,Open,No,5,2,2,0,106,105,3,3,Yes-Wholly,Yes-Wholly,Yes-Wholly,Good,,11-02-2026,https://openpunjab.pesrp.edu.pk/schools/home/school_visit_detail/4194793
Real (PMIU Visit),33130129,GPS 209 GB,FAISALABAD,SAMUNDARI,Primary,Open,No,8,3,3,0,153,150,7,7,Yes-Wholly,Yes-Wholly,Yes-Wholly,Good,,11-02-2026,https://openpunjab.pesrp.edu.pk/schools/home/school_visit_detail/4194836
Real (PMIU Visit),35210591,GGPS SOHARWARDIA,LAHORE,SHALIMAR,Primary,Open,No,4,2,2,0,158,140,2,2,Yes-Wholly,Yes-Wholly,Yes-Wholly,Average,AEO last visited 29-10-2025; building on rent; maintenance/paint required; two classes conducted in open area.,17-11-2025,https://openpunjab.pesrp.edu.pk/schools/home/school_visit_detail/4129169
Real (PMIU Visit),35220159,GES MAZAR BABA REHMAT SHAH (EX-MCL),LAHORE,RAIWIND,Middle,Open,No,18,13,11,2,667,578,10,10,Yes-Wholly,Yes-Wholly,Yes-Wholly,Good,Furniture required/repairs noted; some whitewash and window repair work required.,18-09-2025,https://openpunjab.pesrp.edu.pk/schools/home/school_visit_detail/4067971
Real (PMIU Visit),35210798,GGES SHALIMAR TOWN (EX-MCL),LAHORE,SHALIMAR,Middle,Open,No,17,16,4,12,559,66,10,10,Yes-Wholly,Yes-Wholly,Yes-Wholly,Good,12 PST teachers of primary section were on examinations duty; 493 students were on examinations off.,25-03-2026,https://openpunjab.pesrp.edu.pk/schools/home/school_visit_detail/4259043/list/
Real (PMIU Visit),35210011,GHS KARIM BLOCK ALLAMA IQBAL TOWN,LAHORE,MODEL TOWN,High,Open,No,58,37,32,5,1301,952,46,46,Yes-Wholly,Yes-Wholly,Yes-Wholly,Good,Official PMIU visit record; AEO visit date 30-10-2025.,17-11-2025,https://openpunjab.pesrp.edu.pk/schools/home/school_visit_detail/4128057
Real (PMIU Visit),35210049,GHS GULBERG LAHORE CANTT (FATEH ABAD),LAHORE,CANTT,High,Open,No,37,25,20,5,874,616,14,8,Yes-Wholly,Yes-Wholly,Yes-Wholly,Good,06 of 14 toilets nonfunctional due to outer-side blockage; school ground reported muddy.,16-12-2025,https://openpunjab.pesrp.edu.pk/schools/home/school_visit_detail/4161960
Real (PMIU Visit),35220493,GMMS SODIWAL PIND BAND ROAD LAHORE,LAHORE,CITY,Mosque School,Open,No,3,3,2,1,70,63,2,2,Yes-Wholly,Yes-Wholly,Yes-Wholly,Good,Masjid maktab school; MEA remarked school may be merged with nearby school or a new school established in this area,23-04-2025,https://openpunjab.pesrp.edu.pk/schools/home/school_visit_detail/4007670
Real (PMIU Visit),35210020,GHS MUSLIM LAHORE CANTT,LAHORE,CANTT,High,Open,No,40,21,20,1,605,224,13,13,Yes-Wholly,Yes-Wholly,Yes-Wholly,Good,Enrollment/present figures in official form only itemised for class 10 (224) despite total enrollment 605 - likely incomplete class-wise reporting on the source form rather than true absenteeism,26-03-2025,https://openpunjab.pesrp.edu.pk/schools/home/school_visit_detail/3979264
Real (PMIU Visit),36430098,GGES 50/15-L MIAN CHANNU,KHANEWAL,MIAN CHANNU,Middle,Open,No,13,8,8,0,480,444,14,14,Yes-Partially,Yes-Wholly,Yes-Wholly,Good,,15-12-2025,https://openpunjab.pesrp.edu.pk/schools/home/school_visit_detail/4158683
Real (PMIU Visit),37330556,GGPS MC MOHRI KAMBAL,RAWALPINDI,RAWALPINDI,Primary,Open,No,4,3,3,0,73,59,5,5,Yes-Wholly,Yes-Wholly,Yes-Wholly,Good,MEA noted headmistress name inconsistent between PMIU and SIS; NSB record not updated; class 3 roster not updated after promotions,04-11-2025,https://openpunjab.pesrp.edu.pk/schools/home/school_visit_detail/4114495
Real (PMIU Visit),35220032,GHSS MOZANG LAHORE,LAHORE,CITY,H.Sec.,Open,No,43,22,15,7,402,149,15,11,Yes-Wholly,Yes-Wholly,Yes-Wholly,Good,Teacher on unauthorized long-term absence since June 2024 with no action taken; security guard falsely marked present; choukidar residing in school with family; 4 of 15 toilets nonfunctional; grades 11-12 had zero students present at visit,27-01-2025,https://openpunjab.pesrp.edu.pk/schools/home/school_visit_detail/3900174
Real (PMIU Visit),35220064,GGHS PAK STANDARD SHAD BAGH LAHORE,LAHORE,CITY,High,Open,No,57,46,40,6,2094,349,20,20,Yes-Wholly,Yes-Wholly,Yes-Wholly,Good,"Most grades (ECE,prep,1,2,6,7,8,9,10) were on exam duty/off during visit, explaining low headcount; leave-record discrepancy noted for one transferred PST teacher",21-03-2025,https://openpunjab.pesrp.edu.pk/schools/home/school_visit_detail/3971996
Real (PMIU Visit),37330117,GHS KHAYABAN-E-SIR SYED SECTOR 4-B,RAWALPINDI,RAWALPINDI,High,Open,No,30,24,20,4,899,519,14,14,Yes-Wholly,Yes-Wholly,Yes-Wholly,Good,Two PST teachers shown present on attendance register but not reflected in SIS system (one reportedly on dengue duty elsewhere) - register/SIS mismatch flag; NSB record not updated on SIS,27-10-2025,https://openpunjab.pesrp.edu.pk/schools/home/school_visit_detail/4108928
Synthetic,99990001,GPS CHAK FAKE-1 (Synthetic Test Case),MULTAN,MULTAN CITY,Primary,Open,Yes,6,1,0,1,180,8,3,0,No,No,No,Poor,SYNTHETIC TEST CASE (not a real school): building reportedly used as private residence; no functional facilities; near-zero attendance despite high paper enrollment,01-01-2026,"Synthetic - for model validation, not a real PMIU record"
Synthetic,99990002,GGPS FAKE VILLAGE-2 (Synthetic Test Case),BAHAWALPUR,BAHAWALPUR SADAR,Primary,Closed,Yes,4,0,0,0,95,0,2,0,No,No,No,Poor,SYNTHETIC TEST CASE (not a real school): school found locked on visit day; no staff present; community reports non-functional for over a year despite active enrollment records,01-01-2026,"Synthetic - for model validation, not a real PMIU record"
Synthetic,99990003,GHS FAKE TOWN-3 (Synthetic Test Case),SAHIWAL,SAHIWAL,High,Open,No,20,18,3,15,850,40,10,2,Yes-Wholly,No,No,Poor,SYNTHETIC TEST CASE (not a real school): high sanctioned/filled teacher count on paper but only 3 physically present; mass unexplained absences; suspected ghost-teacher salary fraud,01-01-2026,"Synthetic - for model validation, not a real PMIU record"
Synthetic,99990004,GGES FAKE COLONY-4 (Synthetic Test Case),SIALKOT,SIALKOT,Middle,Open,Yes,8,6,6,0,220,210,6,6,Yes-Wholly,Yes-Wholly,Yes-Wholly,Good,"SYNTHETIC EDGE-CASE TEST (not a real school): every attendance/facility metric looks clean, EXCEPT two classrooms are confirmed rented to a private tuition academy. Included to test whether the model catches illegal-occupation fraud that a pure attendance-based score would miss.",01-01-2026,"Synthetic - for model validation, not a real PMIU record"
Synthetic,99990005,GPS FAKE HAMLET-5 (Synthetic Test Case),RAJANPUR,RAJANPUR,Primary,Open,No,3,3,3,0,210,205,1,1,Yes-Wholly,Yes-Wholly,Yes-Wholly,Good,"SYNTHETIC EDGE-CASE TEST (not a real school): enrollment (210) and attendance (205) are implausibly high for a 3-teacher, 1-toilet primary school. Included to test whether the model flags statistically implausible enrollment-to-capacity ratios, since every individual metric looks clean in isolation.",01-01-2026,"Synthetic - for model validation, not a real PMIU record"
Synthetic,99990006,GHSS FAKE JUNCTION-6 (Synthetic Test Case),VEHARI,VEHARI,H.Sec.,Open,No,25,10,2,8,600,55,8,1,No,Yes-Partially,No,Poor,"SYNTHETIC TEST CASE (not a real school): combination of low fill rate, near-total teacher absenteeism, collapsed facilities and single-digit attendance - textbook high-confidence ghost-school profile for model calibration",01-01-2026,"Synthetic - for model validation, not a real PMIU record"
Synthetic,99990007,GES FAKE OUTPOST-7 (Synthetic Test Case),D.G.KHAN,D.G.KHAN,Middle,Open,No,10,9,8,1,300,270,5,5,Yes-Wholly,Yes-Wholly,Yes-Wholly,Good,SYNTHETIC TRUE-NEGATIVE CONTROL (not a real school): fully clean monitoring record on every metric - included so the model learns to correctly clear well-functioning schools rather than over-flagging,01-01-2026,"Synthetic - for model validation, not a real PMIU record"
Real (Census),31321032,GGHS Chak No 225/1-L,RAHIMYAR KHAN,LIAQATPUR,High,Non-Functional,No,,,,,,,0,0,No,No,No,,,Oct-2018 (Annual Census),https://opendata.com.pk/dataset/punjab-annual-school-census-report-2017-18 (PMIU/PESRP source)
Real (Census),31321033,GGHS Chak No 179/7-R,RAHIMYAR KHAN,LIAQATPUR,High,Non-Functional,No,,,,,,,0,0,No,No,Yes-Wholly,Building Is Dangerous,,Oct-2018 (Annual Census),https://opendata.com.pk/dataset/punjab-annual-school-census-report-2017-18 (PMIU/PESRP source)
Real (Census),31321034,GGHS Chak No 148/5-R,RAHIMYAR KHAN,LIAQATPUR,High,Non-Functional,No,,,,,94,,0,0,No,No,No,,,Oct-2018 (Annual Census),https://opendata.com.pk/dataset/punjab-annual-school-census-report-2017-18 (PMIU/PESRP source)
Real (Census),32110565,GGPS SUMRA GABOOL,D.G. KHAN,D.G.KHAN,Primary,Non-Functional,No,,,,,,,2,2,Yes-Wholly,No,Yes-Wholly,Satisfying,,Oct-2018 (Annual Census),https://opendata.com.pk/dataset/punjab-annual-school-census-report-2017-18 (PMIU/PESRP source)
Real (Census),32320949,GPS CHAK NO. 131 ML,MUZAFFARGARH,KOT ADU,Primary,Non-Functional,No,,,,,,,2,2,Yes-Wholly,No,Yes-Wholly,Satisfying,non_func_reason (source field): 2,Oct-2018 (Annual Census),https://opendata.com.pk/dataset/punjab-annual-school-census-report-2017-18 (PMIU/PESRP source)
Real (Census),35110333,GGPS ALI PUR CHAK NO 6,KASUR,CHUNIAN,Primary,Non-Functional,No,,,,,,,0,0,Yes-Wholly,Yes-Wholly,Yes-Wholly,Satisfying,,Oct-2018 (Annual Census),https://opendata.com.pk/dataset/punjab-annual-school-census-report-2017-18 (PMIU/PESRP source)
Real (Census),39311057,GPS TAHLI JAMAL HITHAR,OKARA,DEPALPUR,Primary,Non-Functional,No,,,,,,,2,2,Yes-Wholly,No,Yes-Wholly,Satisfying,,Oct-2018 (Annual Census),https://opendata.com.pk/dataset/punjab-annual-school-census-report-2017-18 (PMIU/PESRP source)
Real (Census),32330691,GPS BASTI KANHAL,MUZAFFARGARH,MUZAFFARGARH,Primary,Non-Functional,No,,,,,,,0,0,No,Yes-Wholly,Yes-Wholly,Satisfying,,Oct-2018 (Annual Census),https://opendata.com.pk/dataset/punjab-annual-school-census-report-2017-18 (PMIU/PESRP source)
Real (Census),37130118,GPS SAHWAL (PSSP-II),ATTOCK,PINDI GHEB,Primary,Non-Functional,No,,,,,,,0,0,Yes-Wholly,Yes-Wholly,Yes-Wholly,Satisfying,,Oct-2018 (Annual Census),https://opendata.com.pk/dataset/punjab-annual-school-census-report-2017-18 (PMIU/PESRP source)
Real (Census),34320074,GGHS LANGAY,SIALKOT,PASRUR,High,Functional,Yes,,15,,,289,,10,10,Yes-Wholly,Yes-Wholly,Yes-Wholly,Satisfying,non_func_reason (source field): Building Illegally Occupied; dangerous_classrooms (source field): 3,Oct-2018 (Annual Census),https://opendata.com.pk/dataset/punjab-annual-school-census-report-2017-18 (PMIU/PESRP source)
Real (Census),36130239,GPS RANA WAHIN,MULTAN,MULTAN SADAR,Primary,Functional,Yes,,4,,,221,,3,3,Yes-Wholly,Yes-Wholly,Yes-Wholly,Needed Minor Repairing,non_func_reason (source field): Building Illegally Occupied,Oct-2018 (Annual Census),https://opendata.com.pk/dataset/punjab-annual-school-census-report-2017-18 (PMIU/PESRP source)
Real (Census),33110354,GGHS DECCAN SAMANABAD FSD,FAISALABAD,FAISALABAD CITY,High,Functional,Yes,,32,,,1356,,14,14,Yes-Wholly,Yes-Wholly,Yes-Wholly,Satisfying,non_func_reason (source field): Building Illegally Occupied,Oct-2018 (Annual Census),https://opendata.com.pk/dataset/punjab-annual-school-census-report-2017-18 (PMIU/PESRP source)
Real (Census),37330149,GGHS JHANDA CHICHI,RAWALPINDI,RAWALPINDI,High,Functional,Yes,,31,,,709,,13,13,Yes-Wholly,Yes-Wholly,Yes-Wholly,Satisfying,non_func_reason (source field): Building Illegally Occupied,Oct-2018 (Annual Census),https://opendata.com.pk/dataset/punjab-annual-school-census-report-2017-18 (PMIU/PESRP source)
Real (Census),35210693,GGES KACHA,LAHORE,MODEL TOWN,Middle,Functional,Yes,,10,,,544,,4,4,Yes-Wholly,Yes-Wholly,Yes-Wholly,Satisfying,non_func_reason (source field): Building Illegally Occupied,Oct-2018 (Annual Census),https://opendata.com.pk/dataset/punjab-annual-school-census-report-2017-18 (PMIU/PESRP source)
Real (Census),39220030,GGHS MC MODEL ARIFWALA,PAKPATTAN,ARIFWALA,High,Functional,Yes,,66,,,3021,,28,28,Yes-Wholly,Yes-Wholly,Yes-Wholly,Satisfying,non_func_reason (source field): Building Illegally Occupied,Oct-2018 (Annual Census),https://opendata.com.pk/dataset/punjab-annual-school-census-report-2017-18 (PMIU/PESRP source)
Real (Census),31321031,GGHS 158/7-R,RAHIMYAR KHAN,LIAQATPUR,High,Functional,No,,4,,,36,,0,0,No,No,No,Building Is Dangerous,,Oct-2018 (Annual Census),https://opendata.com.pk/dataset/punjab-annual-school-census-report-2017-18 (PMIU/PESRP source)
Real (Census),33140395,GGPS CHAK 269 RB II SALONI,FAISALABAD,FAISALABAD SADDAR,Primary,Functional,No,,4,,,180,,3,1,No,Yes-Wholly,Yes-Wholly,Partial Building is Dangerous,dangerous_classrooms (source field): 2,Oct-2018 (Annual Census),https://opendata.com.pk/dataset/punjab-annual-school-census-report-2017-18 (PMIU/PESRP source)
Real (Census),32110836,GGCMS FEROZ WALA,D.G. KHAN,D.G.KHAN,Primary,Functional,No,,4,,,199,,5,1,Yes-Wholly,No,Yes-Wholly,Building Is Dangerous,dangerous_classrooms (source field): 2,Oct-2018 (Annual Census),https://opendata.com.pk/dataset/punjab-annual-school-census-report-2017-18 (PMIU/PESRP source)
Real (Census),32410223,GPS THUL SAIDAN,RAJANPUR,JAMPUR,Primary,Functional,No,,1,,,23,,4,2,Yes-Wholly,No,No,Building Is Dangerous,dangerous_classrooms (source field): 2,Oct-2018 (Annual Census),https://opendata.com.pk/dataset/punjab-annual-school-census-report-2017-18 (PMIU/PESRP source)
Real (Census),37320082,GPS SOHAWA PHAPHIRAL,RAWALPINDI,MURREE,Primary,Functional,No,,3,,,52,,2,2,No,No,Yes-Wholly,Building Is Dangerous,dangerous_classrooms (source field): 2,Oct-2018 (Annual Census),https://opendata.com.pk/dataset/punjab-annual-school-census-report-2017-18 (PMIU/PESRP source)
Real (Census),31150222,GGPS DAB WALI,BAHAWALNAGAR,MINCHINABAD,Primary,Functional,No,,4,,,142,,4,3,No,No,Yes-Wholly,Partial Building is Dangerous,dangerous_classrooms (source field): 2,Oct-2018 (Annual Census),https://opendata.com.pk/dataset/punjab-annual-school-census-report-2017-18 (PMIU/PESRP source)
Real (Census),32330665,GPS CHIMROO WALI,MUZAFFARGARH,MUZAFFARGARH,Primary,Functional,No,,4,,,89,,2,0,Yes-Wholly,No,Yes-Wholly,Building Is Dangerous,dangerous_classrooms (source field): 2,Oct-2018 (Annual Census),https://opendata.com.pk/dataset/punjab-annual-school-census-report-2017-18 (PMIU/PESRP source)
Real (Census),37360182,GPS RAIPA,RAWALPINDI,GUJAR KHAN,Primary,Functional,No,,,,,16,,1,0,Yes-Wholly,Yes-Wholly,No,Partial Building is Dangerous,dangerous_classrooms (source field): 2,Oct-2018 (Annual Census),https://opendata.com.pk/dataset/punjab-annual-school-census-report-2017-18 (PMIU/PESRP source)
Real (Census),37350011,GHS SURBA,RAWALPINDI,KOTLI SATTIAN,High,Functional,No,,11,,,194,,8,6,No,Yes-Wholly,No,Partial Building is Dangerous,dangerous_classrooms (source field): 2,Oct-2018 (Annual Census),https://opendata.com.pk/dataset/punjab-annual-school-census-report-2017-18 (PMIU/PESRP source)
Real (Census),37350153,GGPS BADNIAN,RAWALPINDI,KOTLI SATTIAN,Primary,Functional,No,,4,,,45,,1,1,No,No,Yes-Wholly,Partial Building is Dangerous,dangerous_classrooms (source field): 2,Oct-2018 (Annual Census),https://opendata.com.pk/dataset/punjab-annual-school-census-report-2017-18 (PMIU/PESRP source)
Real (Census),34120519,GMPS JOKHIAN,GUJRANWALA,WAZIRABAD,Primary,Functional,No,,6,,,160,,4,3,No,No,Yes-Wholly,Building Is Dangerous,dangerous_classrooms (source field): 2,Oct-2018 (Annual Census),https://opendata.com.pk/dataset/punjab-annual-school-census-report-2017-18 (PMIU/PESRP source)
Real (Census),37350096,GPS KHAL CHATTAR,RAWALPINDI,KOTLI SATTIAN,Primary,Functional,No,,4,,,25,,2,2,No,No,Yes-Wholly,Partial Building is Dangerous,dangerous_classrooms (source field): 2,Oct-2018 (Annual Census),https://opendata.com.pk/dataset/punjab-annual-school-census-report-2017-18 (PMIU/PESRP source)
Real (Census),32120005,GHS BHANBHAN,D.G. KHAN,TAUNSA,High,Functional,No,,19,,,522,,8,4,Yes-Wholly,Yes-Wholly,No,Partial Building is Dangerous,dangerous_classrooms (source field): 6,Oct-2018 (Annual Census),https://opendata.com.pk/dataset/punjab-annual-school-census-report-2017-18 (PMIU/PESRP source)
Real (Census),31320001,GHSS FEROZAA,RAHIMYAR KHAN,LIAQATPUR,H.Sec.,Functional,No,,47,,,1416,,8,2,Yes-Wholly,Yes-Wholly,Yes-Wholly,Building Is Dangerous,dangerous_classrooms (source field): 8,Oct-2018 (Annual Census),https://opendata.com.pk/dataset/punjab-annual-school-census-report-2017-18 (PMIU/PESRP source)
Real (Census),32120041,GGHS KOT MOHEE,D.G. KHAN,TAUNSA,High,Functional,No,,6,,,216,,8,2,Yes-Wholly,Yes-Wholly,Yes-Wholly,Partial Building is Dangerous,dangerous_classrooms (source field): 5,Oct-2018 (Annual Census),https://opendata.com.pk/dataset/punjab-annual-school-census-report-2017-18 (PMIU/PESRP source)
Real (Census),35210039,GHS IQBAL GARHI SHAHU,LAHORE,SHALIMAR,High,Functional,No,,19,,,729,,7,1,Yes-Wholly,Yes-Wholly,Yes-Wholly,Partial Building is Dangerous,dangerous_classrooms (source field): 6,Oct-2018 (Annual Census),https://opendata.com.pk/dataset/punjab-annual-school-census-report-2017-18 (PMIU/PESRP source)
Real (Census),39330054,GHS 7-1R FAUJIAN,OKARA,RENALA KHURD,High,Functional,No,,14,,,342,,6,6,No,Yes-Wholly,Yes-Wholly,Building Is Dangerous,dangerous_classrooms (source field): 5,Oct-2018 (Annual Census),https://opendata.com.pk/dataset/punjab-annual-school-census-report-2017-18 (PMIU/PESRP source)
Real (Census),35220054,GHS SHAHDARA,LAHORE,CITY,High,Functional,No,,42,,,1344,,28,13,Yes-Wholly,Yes-Wholly,Yes-Wholly,Building Is Dangerous,dangerous_classrooms (source field): 7,Oct-2018 (Annual Census),https://opendata.com.pk/dataset/punjab-annual-school-census-report-2017-18 (PMIU/PESRP source)
Real (Census),31240443,GES CHAK NO.10/DRB,BAHAWALPUR,YAZMAN,Middle,Functional,No,,8,,,64,,2,2,No,Yes-Wholly,Yes-Wholly,Partial Building is Dangerous,dangerous_classrooms (source field): 8,Oct-2018 (Annual Census),https://opendata.com.pk/dataset/punjab-annual-school-census-report-2017-18 (PMIU/PESRP source)
Real (Census),32340004,GHS JHUGGI WALA,MUZAFFARGARH,JATOI,High,Functional,No,,28,,,841,,12,2,Yes-Wholly,Yes-Wholly,Yes-Wholly,Building Is Dangerous,dangerous_classrooms (source field): 9,Oct-2018 (Annual Census),https://opendata.com.pk/dataset/punjab-annual-school-census-report-2017-18 (PMIU/PESRP source)
Real (Census),32110043,GHS ROONGHAN,D.G. KHAN,D.G.KHAN,High,Functional,No,,6,,,87,,1,1,Yes-Wholly,No,Yes-Wholly,Building Is Dangerous,dangerous_classrooms (source field): 5,Oct-2018 (Annual Census),https://opendata.com.pk/dataset/punjab-annual-school-census-report-2017-18 (PMIU/PESRP source)
Real (Census),37320274,GPS CHANGWARIAN,RAWALPINDI,MURREE,Primary,Functional,No,,1,,,33,,3,1,No,No,No,Complete Building Needs Repairing,,Oct-2018 (Annual Census),https://opendata.com.pk/dataset/punjab-annual-school-census-report-2017-18 (PMIU/PESRP source)
Real (Census),32420001,GHSS FAZILPUR,RAJANPUR,RAJANPUR,H.Sec.,Functional,No,,49,,,2009,,19,9,Yes-Wholly,Yes-Wholly,Yes-Wholly,Partial Building is Dangerous,dangerous_classrooms (source field): 7,Oct-2018 (Annual Census),https://opendata.com.pk/dataset/punjab-annual-school-census-report-2017-18 (PMIU/PESRP source)
Real (Census),35210824,GGHS CDG SHADMAN COLONY,LAHORE,CITY,High,Functional,No,,21,,,629,,6,2,Yes-Wholly,Yes-Wholly,Yes-Wholly,Partial Building is Dangerous,dangerous_classrooms (source field): 6,Oct-2018 (Annual Census),https://opendata.com.pk/dataset/punjab-annual-school-census-report-2017-18 (PMIU/PESRP source)
Real (Census),35210131,GES BADOKI,LAHORE,MODEL TOWN,Middle,Functional,No,,12,,,401,,6,6,No,Yes-Wholly,Yes-Wholly,Building Is Dangerous,dangerous_classrooms (source field): 7,Oct-2018 (Annual Census),https://opendata.com.pk/dataset/punjab-annual-school-census-report-2017-18 (PMIU/PESRP source)
Real (Census),35220183,GPS JANJATTY,LAHORE,RAIWIND,Primary,Functional,No,,4,,,151,,12,8,No,Yes-Wholly,Yes-Wholly,Partial Building is Dangerous,dangerous_classrooms (source field): 7,Oct-2018 (Annual Census),https://opendata.com.pk/dataset/punjab-annual-school-census-report-2017-18 (PMIU/PESRP source)
Real (Census),35220056,GGHS JIA BAGGA RAIWIND ROAD,LAHORE,RAIWIND,High,Functional,No,,22,,,865,,9,3,Yes-Wholly,Yes-Wholly,Yes-Wholly,Partial Building is Dangerous,dangerous_classrooms (source field): 10,Oct-2018 (Annual Census),https://opendata.com.pk/dataset/punjab-annual-school-census-report-2017-18 (PMIU/PESRP source)
Real (Census),32410563,GGCMES TATAR WALA,RAJANPUR,JAMPUR,Middle,Functional,No,,13,,,183,,7,7,No,Yes-Wholly,Yes-Wholly,Partial Building is Dangerous,dangerous_classrooms (source field): 5,Oct-2018 (Annual Census),https://opendata.com.pk/dataset/punjab-annual-school-census-report-2017-18 (PMIU/PESRP source)
Real (Census),31210225,GPS CHAK MAKHDOOM,BAHAWALPUR,AHMADPUR EAST,Primary,Functional,No,,4,,,33,,1,1,No,Yes-Wholly,Yes-Wholly,Partial Building is Dangerous,dangerous_classrooms (source field): 5,Oct-2018 (Annual Census),https://opendata.com.pk/dataset/punjab-annual-school-census-report-2017-18 (PMIU/PESRP source)
Real (Census),39330018,GHS KAMMAN,OKARA,RENALA KHURD,High,Functional,No,,14,,,426,,6,6,No,Yes-Wholly,Yes-Wholly,Building Is Dangerous,dangerous_classrooms (source field): 10,Oct-2018 (Annual Census),https://opendata.com.pk/dataset/punjab-annual-school-census-report-2017-18 (PMIU/PESRP source)
Real (Census),31210206,GPS CHAK DAWANJ,BAHAWALPUR,AHMADPUR EAST,Primary,Functional,No,,4,,,77,,2,2,No,No,Yes-Wholly,Building Is Dangerous,dangerous_classrooms (source field): 1,Oct-2018 (Annual Census),https://opendata.com.pk/dataset/punjab-annual-school-census-report-2017-18 (PMIU/PESRP source)
Real (Census),32410242,GPS KHULCHAS,RAJANPUR,JAMPUR,Primary,Functional,No,,1,,,60,,5,0,Yes-Wholly,No,Yes-Wholly,Partial Building is Dangerous,dangerous_classrooms (source field): 1,Oct-2018 (Annual Census),https://opendata.com.pk/dataset/punjab-annual-school-census-report-2017-18 (PMIU/PESRP source)
Real (Census),37350183,GGPS CHALAWRA UPPER,RAWALPINDI,KOTLI SATTIAN,Primary,Functional,No,,4,,,38,,4,4,No,Yes-Wholly,No,Partial Building is Dangerous,dangerous_classrooms (source field): 1,Oct-2018 (Annual Census),https://opendata.com.pk/dataset/punjab-annual-school-census-report-2017-18 (PMIU/PESRP source)
Real (Census),32110506,GPS BAGH ALI MOLE,D.G. KHAN,D.G.KHAN,Primary,Functional,No,,4,,,48,,2,1,Yes-Wholly,No,No,Building Is Dangerous,dangerous_classrooms (source field): 1,Oct-2018 (Annual Census),https://opendata.com.pk/dataset/punjab-annual-school-census-report-2017-18 (PMIU/PESRP source)
Real (Census),32320754,GPS THATHI HAMZA NO. 2,MUZAFFARGARH,KOT ADU,Primary,Functional,No,,3,,,23,,2,0,Yes-Wholly,No,Yes-Wholly,Partial Building is Dangerous,dangerous_classrooms (source field): 1,Oct-2018 (Annual Census),https://opendata.com.pk/dataset/punjab-annual-school-census-report-2017-18 (PMIU/PESRP source)
Real (Census),32220564,GMMS AOULAKH NASHEB,LAYYAH,KAROR LALISAN,sMosque,Functional,No,,4,,,113,,1,1,No,No,Yes-Wholly,Building Is Dangerous,dangerous_classrooms (source field): 1,Oct-2018 (Annual Census),https://opendata.com.pk/dataset/punjab-annual-school-census-report-2017-18 (PMIU/PESRP source)
Real (Census),37140013,GHS TARAP,ATTOCK,JAND,High,Functional,No,,17,,,407,,7,7,No,Yes-Wholly,Yes-Wholly,Partial Building is Dangerous,dangerous_classrooms (source field): 4,Oct-2018 (Annual Census),https://opendata.com.pk/dataset/punjab-annual-school-census-report-2017-18 (PMIU/PESRP source)
Real (Census),32430052,GPS HAFEEZ ABAD,RAJANPUR,ROJHAN,Primary,Functional,No,,5,,,170,,2,2,Yes-Wholly,No,Yes-Wholly,Building Is Dangerous,dangerous_classrooms (source field): 4,Oct-2018 (Annual Census),https://opendata.com.pk/dataset/punjab-annual-school-census-report-2017-18 (PMIU/PESRP source)
Real (Census),37350027,GES OJANA,RAWALPINDI,KOTLI SATTIAN,Middle,Functional,No,,5,,,68,,4,4,No,Yes-Wholly,Yes-Wholly,Partial Building is Dangerous,dangerous_classrooms (source field): 4,Oct-2018 (Annual Census),https://opendata.com.pk/dataset/punjab-annual-school-census-report-2017-18 (PMIU/PESRP source)
Real (Census),39320043,GHS CHAK NO.12/1-R,OKARA,OKARA,High,Functional,No,,11,,,303,,6,6,No,Yes-Wholly,Yes-Wholly,Partial Building is Dangerous,dangerous_classrooms (source field): 4,Oct-2018 (Annual Census),https://opendata.com.pk/dataset/punjab-annual-school-census-report-2017-18 (PMIU/PESRP source)
Real (Census),36120106,GPS TERI WALA VILLAGE GANWEN SHUJABAD,MULTAN,SHUJA ABAD,Primary,Functional,No,,5,,,267,,2,2,No,Yes-Wholly,Yes-Wholly,Building Is Dangerous,dangerous_classrooms (source field): 4,Oct-2018 (Annual Census),https://opendata.com.pk/dataset/punjab-annual-school-census-report-2017-18 (PMIU/PESRP source)
Real (Census),31150399,GMMS SAMOO WALI,BAHAWALNAGAR,MINCHINABAD,sMosque,Functional,No,,2,,,88,,0,0,No,No,Yes-Wholly,Partial Building is Dangerous,,Oct-2018 (Annual Census),https://opendata.com.pk/dataset/punjab-annual-school-census-report-2017-18 (PMIU/PESRP source)
Real (Census),31150407,GMMS MANASIRY RAM,BAHAWALNAGAR,MINCHINABAD,sMosque,Functional,No,,1,,,48,,0,0,No,No,Yes-Wholly,Building Is Dangerous,,Oct-2018 (Annual Census),https://opendata.com.pk/dataset/punjab-annual-school-census-report-2017-18 (PMIU/PESRP source)
Real (Census),31320431,GGPS BASTI HAFIZ GHULAM QADIR,RAHIMYAR KHAN,LIAQATPUR,Primary,Functional,No,,4,,,41,,2,0,Yes-Wholly,No,Yes-Wholly,Partial Building is Dangerous,,Oct-2018 (Annual Census),https://opendata.com.pk/dataset/punjab-annual-school-census-report-2017-18 (PMIU/PESRP source)
Real (Census),37350144,GGES CHOWKI WAGHAL,RAWALPINDI,KOTLI SATTIAN,Middle,Functional,No,,9,,,227,,3,3,No,Yes-Wholly,No,Partial Building is Dangerous,,Oct-2018 (Annual Census),https://opendata.com.pk/dataset/punjab-annual-school-census-report-2017-18 (PMIU/PESRP source)
Real (Census),34120401,GMPS OUJLA KALAN,GUJRANWALA,WAZIRABAD,Primary,Functional,No,,6,,,179,,4,2,Yes-Wholly,Yes-Wholly,Yes-Wholly,Satisfying,,Oct-2018 (Annual Census),https://opendata.com.pk/dataset/punjab-annual-school-census-report-2017-18 (PMIU/PESRP source)
Real (Census),34140427,GGHS MURALI WALA,GUJRANWALA,NOSHERA VIRKAN,High,Functional,No,,23,,,1245,,21,21,Yes-Wholly,Yes-Wholly,Yes-Wholly,Satisfying,,Oct-2018 (Annual Census),https://opendata.com.pk/dataset/punjab-annual-school-census-report-2017-18 (PMIU/PESRP source)
Real (Census),34120345,GMPS CHAK SITTIA,GUJRANWALA,WAZIRABAD,Primary,Functional,No,,3,,,151,,4,4,Yes-Wholly,Yes-Wholly,Yes-Wholly,Satisfying,,Oct-2018 (Annual Census),https://opendata.com.pk/dataset/punjab-annual-school-census-report-2017-18 (PMIU/PESRP source)
Real (Census),34140293,GGPS DEEPAY PUR,GUJRANWALA,NOSHERA VIRKAN,Primary,Functional,No,,2,,,33,,2,2,Yes-Wholly,Yes-Wholly,Yes-Wholly,Satisfying,,Oct-2018 (Annual Census),https://opendata.com.pk/dataset/punjab-annual-school-census-report-2017-18 (PMIU/PESRP source)
Real (Census),34120250,GPS KALAY WALA,GUJRANWALA,WAZIRABAD,Primary,Functional,No,,3,,,137,,5,5,Yes-Wholly,Yes-Wholly,Yes-Wholly,Satisfying,,Oct-2018 (Annual Census),https://opendata.com.pk/dataset/punjab-annual-school-census-report-2017-18 (PMIU/PESRP source)
Real (Census),31250141,GGPS BONGA YARANI,BAHAWALPUR,KHAIRPUR TAMEWALI,Primary,Functional,No,,,,,109,,2,2,Yes-Wholly,Yes-Wholly,Yes-Wholly,Satisfying,,Oct-2018 (Annual Census),https://opendata.com.pk/dataset/punjab-annual-school-census-report-2017-18 (PMIU/PESRP source)
Real (Census),31210371,GGPS BASTI SULEMAN,BAHAWALPUR,AHMADPUR EAST,Primary,Functional,No,,,,,367,,5,5,Yes-Wholly,Yes-Wholly,Yes-Wholly,Satisfying,,Oct-2018 (Annual Census),https://opendata.com.pk/dataset/punjab-annual-school-census-report-2017-18 (PMIU/PESRP source)
Real (Census),31240172,GPS CHAK NO.20/DNB (W),BAHAWALPUR,YAZMAN,Primary,Functional,No,,5,,,91,,4,4,Yes-Wholly,Yes-Wholly,Yes-Wholly,Partial Building is Dangerous,,Oct-2018 (Annual Census),https://opendata.com.pk/dataset/punjab-annual-school-census-report-2017-18 (PMIU/PESRP source)
Real (Census),31230405,GGPS Riaz Khan Basti Chouhn,BAHAWALPUR,HASILPUR,Primary,Functional,No,,3,,,53,,2,2,Yes-Wholly,No,Yes-Wholly,Satisfying,,Oct-2018 (Annual Census),https://opendata.com.pk/dataset/punjab-annual-school-census-report-2017-18 (PMIU/PESRP source)
Real (Census),31260023,GHS HAKRA,BAHAWALPUR,BAHAWALPUR SADAR,High,Functional,No,,13,,,420,,4,4,Yes-Wholly,Yes-Wholly,Yes-Wholly,Needed Minor Repairing,,Oct-2018 (Annual Census),https://opendata.com.pk/dataset/punjab-annual-school-census-report-2017-18 (PMIU/PESRP source)
Real (Census),34410357,GGPS TOTEWALI,NAROWAL,NAROWAL,Primary,Functional,No,,6,,,116,,4,4,Yes-Wholly,Yes-Wholly,Yes-Wholly,Satisfying,,Oct-2018 (Annual Census),https://opendata.com.pk/dataset/punjab-annual-school-census-report-2017-18 (PMIU/PESRP source)
Real (Census),34420044,GGHS GUNGRAN,NAROWAL,SHAKARGARH,High,Functional,No,,13,,,349,,6,4,Yes-Wholly,Yes-Wholly,Yes-Wholly,Needed Minor Repairing,dangerous_classrooms (source field): 1,Oct-2018 (Annual Census),https://opendata.com.pk/dataset/punjab-annual-school-census-report-2017-18 (PMIU/PESRP source)
Real (Census),34430575,GGMPS BORI,NAROWAL,ZAFARWAL,Primary,Functional,No,,6,,,94,,5,3,Yes-Wholly,Yes-Wholly,Yes-Wholly,Satisfying,,Oct-2018 (Annual Census),https://opendata.com.pk/dataset/punjab-annual-school-census-report-2017-18 (PMIU/PESRP source)
Real (Census),34420506,GGPS JODHEY,NAROWAL,SHAKARGARH,Primary,Functional,No,,6,,,152,,3,3,Yes-Wholly,Yes-Wholly,Yes-Wholly,Needed Minor Repairing,,Oct-2018 (Annual Census),https://opendata.com.pk/dataset/punjab-annual-school-census-report-2017-18 (PMIU/PESRP source)
Real (Census),34420203,GPS TONDI,NAROWAL,SHAKARGARH,Primary,Functional,No,,3,,,77,,4,4,Yes-Wholly,Yes-Wholly,Yes-Wholly,Satisfying,,Oct-2018 (Annual Census),https://opendata.com.pk/dataset/punjab-annual-school-census-report-2017-18 (PMIU/PESRP source)
Real (Census),34310578,GMPS JANDUKAY GORAYA,SIALKOT,DASKA,Primary,Functional,No,,5,,,141,,6,4,Yes-Wholly,Yes-Wholly,Yes-Wholly,Needed Minor Repairing,dangerous_classrooms (source field): 1,Oct-2018 (Annual Census),https://opendata.com.pk/dataset/punjab-annual-school-census-report-2017-18 (PMIU/PESRP source)
Real (Census),34310564,GGES CHAK GILLAN SHARQI,SIALKOT,DASKA,Middle,Functional,No,,7,,,264,,6,6,Yes-Wholly,Yes-Wholly,Yes-Wholly,Satisfying,,Oct-2018 (Annual Census),https://opendata.com.pk/dataset/punjab-annual-school-census-report-2017-18 (PMIU/PESRP source)
Real (Census),34320411,GMPS ANOOLA,SIALKOT,PASRUR,Primary,Functional,No,,,,,182,,2,2,Yes-Wholly,Yes-Wholly,Yes-Wholly,Satisfying,,Oct-2018 (Annual Census),https://opendata.com.pk/dataset/punjab-annual-school-census-report-2017-18 (PMIU/PESRP source)
Real (Census),34320591,GGPS DATA ZAIDKA,SIALKOT,PASRUR,Primary,Functional,No,,,,,122,,2,0,Yes-Wholly,Yes-Wholly,Yes-Wholly,Satisfying,,Oct-2018 (Annual Census),https://opendata.com.pk/dataset/punjab-annual-school-census-report-2017-18 (PMIU/PESRP source)
Real (Census),34340049,GGHS BHOPAL WALA,SIALKOT,SAMBRIAL,High,Functional,No,,32,,,1054,,16,16,Yes-Wholly,Yes-Wholly,Yes-Wholly,Satisfying,,Oct-2018 (Annual Census),https://opendata.com.pk/dataset/punjab-annual-school-census-report-2017-18 (PMIU/PESRP source)
Real (Census),35110217,GPS JAJJAL,KASUR,CHUNIAN,Primary,Functional,No,,5,,,125,,4,4,Yes-Wholly,Yes-Wholly,Yes-Wholly,Satisfying,,Oct-2018 (Annual Census),https://opendata.com.pk/dataset/punjab-annual-school-census-report-2017-18 (PMIU/PESRP source)
Real (Census),35130241,GPS ALPA SADHARI,KASUR,PATTOKI,Primary,Functional,No,,4,,,73,,2,2,Yes-Wholly,Yes-Wholly,Yes-Wholly,Satisfying,,Oct-2018 (Annual Census),https://opendata.com.pk/dataset/punjab-annual-school-census-report-2017-18 (PMIU/PESRP source)
Real (Census),35120754,GGPS CHAH KANDLAN WALA,KASUR,KASUR,Primary,Functional,No,,3,,,120,,4,4,Yes-Wholly,Yes-Wholly,Yes-Wholly,Satisfying,,Oct-2018 (Annual Census),https://opendata.com.pk/dataset/punjab-annual-school-census-report-2017-18 (PMIU/PESRP source)
Real (Census),35110260,GPS FATEH MUHAMMAD KALAN,KASUR,CHUNIAN,Primary,Functional,No,,,,,217,,2,2,Yes-Wholly,Yes-Wholly,Yes-Wholly,Satisfying,,Oct-2018 (Annual Census),https://opendata.com.pk/dataset/punjab-annual-school-census-report-2017-18 (PMIU/PESRP source)
Real (Census),35130178,GPS KANVEEN BLAQA SING,KASUR,PATTOKI,Primary,Functional,No,,3,,,120,,5,5,Yes-Wholly,Yes-Wholly,Yes-Wholly,Satisfying,,Oct-2018 (Annual Census),https://opendata.com.pk/dataset/punjab-annual-school-census-report-2017-18 (PMIU/PESRP source)
Real (Census),38330793,GGES TIBBA MEHRBAN SHAH,MIANWALI,PIPLAN,Middle,Functional,No,,8,,,182,,4,4,Yes-Wholly,Yes-Wholly,Yes-Wholly,Satisfying,,Oct-2018 (Annual Census),https://opendata.com.pk/dataset/punjab-annual-school-census-report-2017-18 (PMIU/PESRP source)
Real (Census),38331081,GGCMS CHAK NO.4 DB,MIANWALI,PIPLAN,Primary,Functional,No,,6,,,194,,6,6,Yes-Wholly,Yes-Wholly,Yes-Wholly,Satisfying,,Oct-2018 (Annual Census),https://opendata.com.pk/dataset/punjab-annual-school-census-report-2017-18 (PMIU/PESRP source)
Real (Census),38310049,GHS DALLA MIR WALA,MIANWALI,ISA KHEL,High,Functional,No,,13,,,406,,11,11,Yes-Wholly,Yes-Wholly,Yes-Wholly,Satisfying,,Oct-2018 (Annual Census),https://opendata.com.pk/dataset/punjab-annual-school-census-report-2017-18 (PMIU/PESRP source)
Real (Census),38320408,GPS SHEIKHAN WALA,MIANWALI,MIANWALI,Primary,Functional,No,,5,,,68,,4,2,Yes-Wholly,Yes-Wholly,Yes-Wholly,Needed Minor Repairing,,Oct-2018 (Annual Census),https://opendata.com.pk/dataset/punjab-annual-school-census-report-2017-18 (PMIU/PESRP source)
Real (Census),38320291,GPS MOUZA BAZAR,MIANWALI,MIANWALI,Primary,Functional,No,,5,,,127,,2,2,Yes-Wholly,Yes-Wholly,Yes-Wholly,Satisfying,,Oct-2018 (Annual Census),https://opendata.com.pk/dataset/punjab-annual-school-census-report-2017-18 (PMIU/PESRP source)
Real (Census),37140182,GGPS JAND NO.1,ATTOCK,JAND,Primary,Functional,No,,8,,,257,,6,6,Yes-Wholly,Yes-Wholly,Yes-Wholly,Satisfying,,Oct-2018 (Annual Census),https://opendata.com.pk/dataset/punjab-annual-school-census-report-2017-18 (PMIU/PESRP source)
Real (Census),37130189,GGES SARWAYA,ATTOCK,PINDI GHEB,Middle,Functional,No,,11,,,229,,5,5,Yes-Wholly,Yes-Wholly,Yes-Wholly,Satisfying,,Oct-2018 (Annual Census),https://opendata.com.pk/dataset/punjab-annual-school-census-report-2017-18 (PMIU/PESRP source)
Real (Census),37110078,GGHS SALAR,ATTOCK,ATTOCK,High,Functional,No,,18,,,404,,9,9,Yes-Wholly,Yes-Wholly,Yes-Wholly,Satisfying,,Oct-2018 (Annual Census),https://opendata.com.pk/dataset/punjab-annual-school-census-report-2017-18 (PMIU/PESRP source)
Real (Census),37150029,GPS CHUKRA,ATTOCK,HASSANABDAL,Primary,Functional,No,,4,,,125,,4,4,Yes-Wholly,Yes-Wholly,Yes-Wholly,Satisfying,,Oct-2018 (Annual Census),https://opendata.com.pk/dataset/punjab-annual-school-census-report-2017-18 (PMIU/PESRP source)
Real (Census),37130200,GGHS DHOK DHERA,ATTOCK,PINDI GHEB,High,Functional,No,,12,,,422,,6,6,Yes-Wholly,Yes-Wholly,Yes-Wholly,Satisfying,,Oct-2018 (Annual Census),https://opendata.com.pk/dataset/punjab-annual-school-census-report-2017-18 (PMIU/PESRP source)
Real (Census),38130070,GPS BORING AMAN ULLAH,BHAKKAR,MANKERA,Primary,Functional,No,,4,,,51,,2,2,Yes-Wholly,Yes-Wholly,Yes-Wholly,Satisfying,,Oct-2018 (Annual Census),https://opendata.com.pk/dataset/punjab-annual-school-census-report-2017-18 (PMIU/PESRP source)
Real (Census),38140867,GPS JHOKE HAJI,BHAKKAR,DARYA KHAN,Primary,Functional,No,,3,,,102,,4,4,Yes-Wholly,Yes-Wholly,Yes-Wholly,Needed Minor Repairing,,Oct-2018 (Annual Census),https://opendata.com.pk/dataset/punjab-annual-school-census-report-2017-18 (PMIU/PESRP source)
Real (Census),38110068,GGES PIR ASHAB,BHAKKAR,BHAKKAR,Middle,Functional,No,,12,,,586,,6,6,Yes-Wholly,Yes-Wholly,Yes-Wholly,Satisfying,,Oct-2018 (Annual Census),https://opendata.com.pk/dataset/punjab-annual-school-census-report-2017-18 (PMIU/PESRP source)
Real (Census),38110902,GPS MIAN ISA,BHAKKAR,BHAKKAR,Primary,Functional,No,,4,,,135,,4,4,Yes-Wholly,Yes-Wholly,Yes-Wholly,Satisfying,,Oct-2018 (Annual Census),https://opendata.com.pk/dataset/punjab-annual-school-census-report-2017-18 (PMIU/PESRP source)
Real (Census),38130099,GPS SHAHI,BHAKKAR,MANKERA,Primary,Functional,No,,4,,,133,,4,4,Yes-Wholly,Yes-Wholly,Yes-Wholly,Satisfying,,Oct-2018 (Annual Census),https://opendata.com.pk/dataset/punjab-annual-school-census-report-2017-18 (PMIU/PESRP source)
Real (Census),37340027,GES ANWAR ABAD,RAWALPINDI,TAXILA,Middle,Functional,No,,17,,,531,,6,6,Yes-Wholly,Yes-Wholly,Yes-Wholly,Satisfying,,Oct-2018 (Annual Census),https://opendata.com.pk/dataset/punjab-annual-school-census-report-2017-18 (PMIU/PESRP source)
Real (Census),37370224,GPS TAREEL,RAWALPINDI,KALLAR SYEDAN,Primary,Functional,No,,5,,,105,,2,2,Yes-Wholly,Yes-Wholly,Yes-Wholly,Satisfying,,Oct-2018 (Annual Census),https://opendata.com.pk/dataset/punjab-annual-school-census-report-2017-18 (PMIU/PESRP source)
Real (Census),37330191,GGHS ADHWAL,RAWALPINDI,RAWALPINDI,High,Functional,No,,12,,,354,,6,4,Yes-Wholly,Yes-Wholly,Yes-Wholly,Needed Minor Repairing,dangerous_classrooms (source field): 2,Oct-2018 (Annual Census),https://opendata.com.pk/dataset/punjab-annual-school-census-report-2017-18 (PMIU/PESRP source)
Real (Census),37370486,GPS MANMORE,RAWALPINDI,KALLAR SYEDAN,Primary,Functional,No,,4,,,61,,2,2,Yes-Wholly,Yes-Wholly,Yes-Wholly,Satisfying,,Oct-2018 (Annual Census),https://opendata.com.pk/dataset/punjab-annual-school-census-report-2017-18 (PMIU/PESRP source)
Real (Census),37360304,GPS KURI DOLAL P.O KURI DOLAL,RAWALPINDI,GUJAR KHAN,Primary,Functional,No,,4,,,52,,2,2,Yes-Wholly,Yes-Wholly,Yes-Wholly,Satisfying,,Oct-2018 (Annual Census),https://opendata.com.pk/dataset/punjab-annual-school-census-report-2017-18 (PMIU/PESRP source)
Real (Census),37420373,GGPS NAKA REHAN,CHAKWAL,TALAGANG,Primary,Functional,No,,4,,,51,,2,2,Yes-Wholly,Yes-Wholly,Yes-Wholly,Satisfying,,Oct-2018 (Annual Census),https://opendata.com.pk/dataset/punjab-annual-school-census-report-2017-18 (PMIU/PESRP source)
Real (Census),37410001,GHSS PADSHAHAN,CHAKWAL,CHAKWAL,H.Sec.,Functional,No,,22,,,550,,6,6,Yes-Wholly,Yes-Wholly,Yes-Wholly,Satisfying,,Oct-2018 (Annual Census),https://opendata.com.pk/dataset/punjab-annual-school-census-report-2017-18 (PMIU/PESRP source)
Real (Census),37410518,GGPS REHRA,CHAKWAL,CHAKWAL,Primary,Functional,No,,4,,,21,,2,2,Yes-Wholly,Yes-Wholly,Yes-Wholly,Satisfying,,Oct-2018 (Annual Census),https://opendata.com.pk/dataset/punjab-annual-school-census-report-2017-18 (PMIU/PESRP source)
Real (Census),37420431,GMMS MOHALLAH SAGRAL MULTAN KHURD,CHAKWAL,TALAGANG,sMosque,Functional,No,,1,,,6,,2,2,Yes-Wholly,Yes-Wholly,Yes-Wholly,Satisfying,,Oct-2018 (Annual Census),https://opendata.com.pk/dataset/punjab-annual-school-census-report-2017-18 (PMIU/PESRP source)
Real (Census),37410488,GGPS MURID BALLA,CHAKWAL,CHAKWAL,Primary,Functional,No,,4,,,39,,2,2,Yes-Wholly,Yes-Wholly,Yes-Wholly,Satisfying,,Oct-2018 (Annual Census),https://opendata.com.pk/dataset/punjab-annual-school-census-report-2017-18 (PMIU/PESRP source)
Real (Census),33140283,GGES CHAK 66 JB-II ISLAM PURA,FAISALABAD,FAISALABAD SADDAR,Middle,Functional,No,,14,,,608,,4,4,Yes-Wholly,Yes-Wholly,Yes-Wholly,Satisfying,,Oct-2018 (Annual Census),https://opendata.com.pk/dataset/punjab-annual-school-census-report-2017-18 (PMIU/PESRP source)
Real (Census),33140422,GHS CHAK 199 RB,FAISALABAD,FAISALABAD SADDAR,High,Functional,No,,16,,,511,,12,12,Yes-Wholly,Yes-Wholly,Yes-Wholly,Satisfying,dangerous_classrooms (source field): 4,Oct-2018 (Annual Census),https://opendata.com.pk/dataset/punjab-annual-school-census-report-2017-18 (PMIU/PESRP source)
Real (Census),33110139,GGPS CHAK NO 217 RB ACHKERA,FAISALABAD,FAISALABAD CITY,Primary,Functional,No,,4,,,351,,3,3,Yes-Wholly,Yes-Wholly,Yes-Wholly,Satisfying,,Oct-2018 (Annual Census),https://opendata.com.pk/dataset/punjab-annual-school-census-report-2017-18 (PMIU/PESRP source)
Real (Census),33130285,GES 205/GB,FAISALABAD,SAMUNDARI,Middle,Functional,No,,9,,,217,,5,2,Yes-Wholly,Yes-Wholly,Yes-Wholly,Satisfying,,Oct-2018 (Annual Census),https://opendata.com.pk/dataset/punjab-annual-school-census-report-2017-18 (PMIU/PESRP source)
Real (Census),33130355,GHS CHAK NO. 530/GB FSD,FAISALABAD,SAMUNDARI,High,Functional,No,,14,,,519,,8,8,Yes-Wholly,Yes-Wholly,Yes-Wholly,Needed Minor Repairing,,Oct-2018 (Annual Census),https://opendata.com.pk/dataset/punjab-annual-school-census-report-2017-18 (PMIU/PESRP source)
Real (Census),36310105,GGES CHAK NO.106 EB,VEHARI,BUREWALA,Middle,Functional,No,,7,,,167,,6,4,Yes-Wholly,Yes-Wholly,Yes-Wholly,Satisfying,,Oct-2018 (Annual Census),https://opendata.com.pk/dataset/punjab-annual-school-census-report-2017-18 (PMIU/PESRP source)
Real (Census),36310201,GES CHAK NO.261/EB,VEHARI,BUREWALA,Middle,Functional,No,,12,,,507,,8,6,Yes-Wholly,Yes-Wholly,Yes-Wholly,Needed Minor Repairing,,Oct-2018 (Annual Census),https://opendata.com.pk/dataset/punjab-annual-school-census-report-2017-18 (PMIU/PESRP source)
Real (Census),36310054,GHS CHAK NO.181 EB,VEHARI,BUREWALA,High,Functional,No,,17,,,486,,10,10,Yes-Wholly,Yes-Wholly,Yes-Wholly,Satisfying,,Oct-2018 (Annual Census),https://opendata.com.pk/dataset/punjab-annual-school-census-report-2017-18 (PMIU/PESRP source)
Real (Census),36320664,GGPS ARY PUR,VEHARI,MAILSI,Primary,Functional,No,,3,,,95,,2,2,Yes-Wholly,Yes-Wholly,Yes-Wholly,Satisfying,,Oct-2018 (Annual Census),https://opendata.com.pk/dataset/punjab-annual-school-census-report-2017-18 (PMIU/PESRP source)
Real (Census),36310268,GPS 365 EB,VEHARI,BUREWALA,Primary,Functional,No,,4,,,149,,5,5,Yes-Wholly,Yes-Wholly,Yes-Wholly,Satisfying,,Oct-2018 (Annual Census),https://opendata.com.pk/dataset/punjab-annual-school-census-report-2017-18 (PMIU/PESRP source)
Real (Census),39330085,GES CHAK NO. 16/1-AL,OKARA,RENALA KHURD,Middle,Functional,No,,11,,,445,,6,6,Yes-Wholly,Yes-Wholly,Yes-Wholly,Satisfying,,Oct-2018 (Annual Census),https://opendata.com.pk/dataset/punjab-annual-school-census-report-2017-18 (PMIU/PESRP source)
Real (Census),39310403,GPS CHISHTI MOLIA,OKARA,DEPALPUR,Primary,Functional,No,,3,,,168,,4,4,Yes-Wholly,Yes-Wholly,Yes-Wholly,Satisfying,,Oct-2018 (Annual Census),https://opendata.com.pk/dataset/punjab-annual-school-census-report-2017-18 (PMIU/PESRP source)
Real (Census),39320147,GGES SOBAY WALA,OKARA,OKARA,Middle,Functional,No,,9,,,204,,6,6,Yes-Wholly,Yes-Wholly,Yes-Wholly,Satisfying,,Oct-2018 (Annual Census),https://opendata.com.pk/dataset/punjab-annual-school-census-report-2017-18 (PMIU/PESRP source)
Real (Census),39320499,GGPS 36-A/G.D,OKARA,OKARA,Primary,Functional,No,,5,,,164,,4,4,Yes-Wholly,Yes-Wholly,Yes-Wholly,Needed Minor Repairing,,Oct-2018 (Annual Census),https://opendata.com.pk/dataset/punjab-annual-school-census-report-2017-18 (PMIU/PESRP source)
Real (Census),39330731,GGPS KALLI JAMAL SINGH (PSSP),OKARA,RENALA KHURD,Primary,Functional,No,,,,,195,,1,1,Yes-Wholly,Yes-Wholly,Yes-Wholly,Needed Minor Repairing,,Oct-2018 (Annual Census),https://opendata.com.pk/dataset/punjab-annual-school-census-report-2017-18 (PMIU/PESRP source)
Real (Census),35450436,GPS DONGAY,SHEIKHUPURA,SAFDARABAD,Primary,Functional,No,,,,,65,,2,2,Yes-Wholly,No,Yes-Wholly,Needed Minor Repairing,,Oct-2018 (Annual Census),https://opendata.com.pk/dataset/punjab-annual-school-census-report-2017-18 (PMIU/PESRP source)
Real (Census),35620213,GGES RAHMAN ABAD,SHEIKHUPURA,SAFDARABAD,Middle,Functional,No,,8,,,328,,6,6,Yes-Wholly,Yes-Wholly,Yes-Wholly,Satisfying,,Oct-2018 (Annual Census),https://opendata.com.pk/dataset/punjab-annual-school-census-report-2017-18 (PMIU/PESRP source)
Real (Census),35420720,GPS KAMBOH COLONY,SHEIKHUPURA,MURIDKE,Primary,Functional,No,,,,,364,,2,2,Yes-Wholly,Yes-Wholly,Yes-Wholly,Satisfying,,Oct-2018 (Annual Census),https://opendata.com.pk/dataset/punjab-annual-school-census-report-2017-18 (PMIU/PESRP source)
Real (Census),35620614,GPS CHAK JAID 16 JAID,SHEIKHUPURA,SAFDARABAD,Primary,Functional,No,,8,,,344,,5,5,Yes-Wholly,Yes-Wholly,Yes-Wholly,Satisfying,,Oct-2018 (Annual Census),https://opendata.com.pk/dataset/punjab-annual-school-census-report-2017-18 (PMIU/PESRP source)
Real (Census),35420117,GGES HERDO SEHOLE MUSLIM,SHEIKHUPURA,MURIDKE,Middle,Functional,No,,10,,,104,,4,4,Yes-Wholly,Yes-Wholly,Yes-Wholly,Needed Minor Repairing,,Oct-2018 (Annual Census),https://opendata.com.pk/dataset/punjab-annual-school-census-report-2017-18 (PMIU/PESRP source)
Real (Census),33340199,GES CHAK 319 GB I,T.T.SINGH,PIR MAHAL,Middle,Functional,No,,16,,,550,,6,6,Yes-Wholly,Yes-Wholly,Yes-Wholly,Satisfying,,Oct-2018 (Annual Census),https://opendata.com.pk/dataset/punjab-annual-school-census-report-2017-18 (PMIU/PESRP source)
Real (Census),33320089,GGES CHAK 706 GB,T.T.SINGH,KAMALIA,Middle,Functional,No,,7,,,205,,4,4,Yes-Wholly,Yes-Wholly,Yes-Wholly,Satisfying,,Oct-2018 (Annual Census),https://opendata.com.pk/dataset/punjab-annual-school-census-report-2017-18 (PMIU/PESRP source)
Real (Census),33310319,GMPS CHAK 161 GB I,T.T.SINGH,GOJRA,Primary,Functional,No,,6,,,180,,6,6,Yes-Wholly,Yes-Wholly,Yes-Wholly,Satisfying,,Oct-2018 (Annual Census),https://opendata.com.pk/dataset/punjab-annual-school-census-report-2017-18 (PMIU/PESRP source)
Real (Census),33310170,GHS CHAK 361 JB,T.T.SINGH,GOJRA,High,Functional,No,,18,,,438,,12,12,Yes-Wholly,Yes-Wholly,Yes-Wholly,Complete Building Needs Repairing,,Oct-2018 (Annual Census),https://opendata.com.pk/dataset/punjab-annual-school-census-report-2017-18 (PMIU/PESRP source)
Real (Census),33340414,GGPS CHAK 752 GB,T.T.SINGH,PIR MAHAL,Primary,Functional,No,,4,,,155,,4,4,Yes-Wholly,Yes-Wholly,Yes-Wholly,Satisfying,,Oct-2018 (Annual Census),https://opendata.com.pk/dataset/punjab-annual-school-census-report-2017-18 (PMIU/PESRP source)
Real (Census),38420606,GGES CHAK NO.29 NB,SARGODHA,SARGODHA,Middle,Functional,No,,9,,,193,,7,7,Yes-Wholly,Yes-Wholly,Yes-Wholly,Needed Minor Repairing,,Oct-2018 (Annual Census),https://opendata.com.pk/dataset/punjab-annual-school-census-report-2017-18 (PMIU/PESRP source)
Real (Census),38430251,GMPS BUSLANA,SARGODHA,SHAHPUR,Primary,Functional,No,,,,,102,,2,2,Yes-Wholly,Yes-Wholly,Yes-Wholly,Satisfying,,Oct-2018 (Annual Census),https://opendata.com.pk/dataset/punjab-annual-school-census-report-2017-18 (PMIU/PESRP source)
Real (Census),38450476,GMPS BOHLRI WALA,SARGODHA,SAHIWAL,Primary,Functional,No,,5,,,168,,5,5,Yes-Wholly,Yes-Wholly,Yes-Wholly,Satisfying,,Oct-2018 (Annual Census),https://opendata.com.pk/dataset/punjab-annual-school-census-report-2017-18 (PMIU/PESRP source)
Real (Census),38420348,GPS CHAK NO.93 SB,SARGODHA,SARGODHA,Primary,Functional,No,,4,,,112,,4,4,No,Yes-Wholly,Yes-Wholly,Satisfying,,Oct-2018 (Annual Census),https://opendata.com.pk/dataset/punjab-annual-school-census-report-2017-18 (PMIU/PESRP source)
Real (Census),38450058,GES PUBLIC SAHIWAL,SARGODHA,SAHIWAL,Middle,Functional,No,,12,,,319,,6,6,Yes-Wholly,Yes-Wholly,Yes-Wholly,Satisfying,,Oct-2018 (Annual Census),https://opendata.com.pk/dataset/punjab-annual-school-census-report-2017-18 (PMIU/PESRP source)
Real (Census),37240376,GGPS RAMDIAL,JHELUM,DINA,Primary,Functional,No,,4,,,66,,2,2,Yes-Wholly,Yes-Wholly,Yes-Wholly,Satisfying,,Oct-2018 (Annual Census),https://opendata.com.pk/dataset/punjab-annual-school-census-report-2017-18 (PMIU/PESRP source)
Real (Census),37220251,GGMPS ESSAWAL,JHELUM,PIND DADAN KHAN,Primary,Functional,No,,5,,,87,,5,5,Yes-Wholly,Yes-Wholly,Yes-Wholly,Partial Building is Dangerous,dangerous_classrooms (source field): 3,Oct-2018 (Annual Census),https://opendata.com.pk/dataset/punjab-annual-school-census-report-2017-18 (PMIU/PESRP source)
Real (Census),37240038,GGHS ROHTAS,JHELUM,DINA,High,Functional,No,,12,,,243,,9,9,Yes-Wholly,Yes-Wholly,Yes-Wholly,Satisfying,dangerous_classrooms (source field): 2,Oct-2018 (Annual Census),https://opendata.com.pk/dataset/punjab-annual-school-census-report-2017-18 (PMIU/PESRP source)
Real (Census),37220189,GGMPS SHER PUR,JHELUM,PIND DADAN KHAN,Primary,Functional,No,,7,,,175,,5,5,Yes-Wholly,Yes-Wholly,Yes-Wholly,Needed Minor Repairing,dangerous_classrooms (source field): 4,Oct-2018 (Annual Census),https://opendata.com.pk/dataset/punjab-annual-school-census-report-2017-18 (PMIU/PESRP source)
Real (Census),37230252,GGPS CHABBER SYEDAN,JHELUM,SOHAWA,Primary,Functional,No,,3,,,30,,2,2,Yes-Wholly,Yes-Wholly,Yes-Wholly,Satisfying,dangerous_classrooms (source field): 3,Oct-2018 (Annual Census),https://opendata.com.pk/dataset/punjab-annual-school-census-report-2017-18 (PMIU/PESRP source)
Real (Census),35220419,GGES MODEL BAGH MUNSHI LADHA.,LAHORE,CITY,Middle,Functional,No,,9,,,683,,9,9,Yes-Wholly,Yes-Wholly,Yes-Wholly,Satisfying,,Oct-2018 (Annual Census),https://opendata.com.pk/dataset/punjab-annual-school-census-report-2017-18 (PMIU/PESRP source)
Real (Census),35210018,GHS AWAMI COLONY CHUNGI AMER SIDHU LAHORE,LAHORE,MODEL TOWN,High,Functional,No,,14,,,421,,7,4,Yes-Wholly,Yes-Wholly,Yes-Wholly,Satisfying,,Oct-2018 (Annual Census),https://opendata.com.pk/dataset/punjab-annual-school-census-report-2017-18 (PMIU/PESRP source)
Real (Census),35220514,GMMS PARACHA COLONY,LAHORE,CITY,Primary,Functional,No,,2,,,91,,1,1,Yes-Wholly,Yes-Wholly,Yes-Wholly,Satisfying,,Oct-2018 (Annual Census),https://opendata.com.pk/dataset/punjab-annual-school-census-report-2017-18 (PMIU/PESRP source)
Real (Census),35220117,GES MUGHLIA PARK SHAHDARA LAHORE,LAHORE,CITY,Middle,Functional,No,,24,,,1080,,12,12,Yes-Wholly,Yes-Wholly,Yes-Wholly,Satisfying,dangerous_classrooms (source field): 2,Oct-2018 (Annual Census),https://opendata.com.pk/dataset/punjab-annual-school-census-report-2017-18 (PMIU/PESRP source)
Real (Census),35210242,GES ITTEHAD TOWN DOGACH,LAHORE,CANTT,Middle,Functional,No,,38,,,1515,,15,13,Yes-Wholly,Yes-Wholly,Yes-Wholly,Needed Minor Repairing,,Oct-2018 (Annual Census),https://opendata.com.pk/dataset/punjab-annual-school-census-report-2017-18 (PMIU/PESRP source)
Real (Census),36110191,GPS MC AWAN PURA,MULTAN,MULTAN CITY,Primary,Functional,No,,5,,,106,,4,4,Yes-Wholly,Yes-Wholly,Yes-Wholly,Satisfying,,Oct-2018 (Annual Census),https://opendata.com.pk/dataset/punjab-annual-school-census-report-2017-18 (PMIU/PESRP source)
Real (Census),36130129,GGES BASTI JALIL MULTAN P/O BASTI JALIL,MULTAN,MULTAN SADAR,Middle,Functional,No,,10,,,165,,4,4,Yes-Wholly,Yes-Wholly,Yes-Wholly,Needed Minor Repairing,,Oct-2018 (Annual Census),https://opendata.com.pk/dataset/punjab-annual-school-census-report-2017-18 (PMIU/PESRP source)
Real (Census),36120213,GGPS NAWAN SHER SHUJABAD DISTT. MULTAN,MULTAN,SHUJA ABAD,Primary,Functional,No,,6,,,185,,4,4,Yes-Wholly,Yes-Wholly,Yes-Wholly,Satisfying,,Oct-2018 (Annual Census),https://opendata.com.pk/dataset/punjab-annual-school-census-report-2017-18 (PMIU/PESRP source)
Real (Census),36110319,GGPS RAILWAY COLONY NO: 2,MULTAN,MULTAN CITY,Primary,Functional,No,,4,,,200,,3,3,Yes-Wholly,Yes-Wholly,Yes-Wholly,Needed Minor Repairing,,Oct-2018 (Annual Census),https://opendata.com.pk/dataset/punjab-annual-school-census-report-2017-18 (PMIU/PESRP source)
Real (Census),36130150,GPS KOTLA SADAT,MULTAN,MULTAN SADAR,Primary,Functional,No,,4,,,127,,4,4,Yes-Wholly,Yes-Wholly,Yes-Wholly,Satisfying,,Oct-2018 (Annual Census),https://opendata.com.pk/dataset/punjab-annual-school-census-report-2017-18 (PMIU/PESRP source)
Real (Census),38240666,GGPS DHOK PHATIAL,KHUSHAB,NAUSHERA,Primary,Functional,No,,,,,4,,1,1,Yes-Wholly,Yes-Wholly,Yes-Wholly,Satisfying,,Oct-2018 (Annual Census),https://opendata.com.pk/dataset/punjab-annual-school-census-report-2017-18 (PMIU/PESRP source)
Real (Census),38210737,GGPS MOHALLAH MASTIAL PADHRAR,KHUSHAB,KHUSHAB,Primary,Functional,No,,3,,,76,,1,1,Yes-Wholly,Yes-Wholly,Yes-Wholly,Satisfying,,Oct-2018 (Annual Census),https://opendata.com.pk/dataset/punjab-annual-school-census-report-2017-18 (PMIU/PESRP source)
Real (Census),38220306,GPS CHAK NO. 34 MB,KHUSHAB,NOORPUR THAL,Primary,Functional,No,,3,,,23,,2,2,Yes-Wholly,Yes-Wholly,Yes-Wholly,Needed Minor Repairing,,Oct-2018 (Annual Census),https://opendata.com.pk/dataset/punjab-annual-school-census-report-2017-18 (PMIU/PESRP source)
Real (Census),38230581,GGES SHAH WALA SHUMALI,KHUSHAB,QUAIDABAD,Middle,Functional,No,,6,,,188,,5,5,Yes-Wholly,Yes-Wholly,Yes-Wholly,Satisfying,,Oct-2018 (Annual Census),https://opendata.com.pk/dataset/punjab-annual-school-census-report-2017-18 (PMIU/PESRP source)
Real (Census),38210266,GMPS CHAK NO 60 MB,KHUSHAB,KHUSHAB,Primary,Functional,No,,4,,,103,,4,4,Yes-Wholly,Yes-Wholly,Yes-Wholly,Needed Minor Repairing,,Oct-2018 (Annual Census),https://opendata.com.pk/dataset/punjab-annual-school-census-report-2017-18 (PMIU/PESRP source)
Real (Census),34220811,GHSS BAGIRAN WALA,GUJRAT,KHARIAN,H.Sec.,Functional,No,,23,,,456,,14,14,Yes-Wholly,Yes-Wholly,Yes-Wholly,Satisfying,,Oct-2018 (Annual Census),https://opendata.com.pk/dataset/punjab-annual-school-census-report-2017-18 (PMIU/PESRP source)
Real (Census),34210207,GPS KALARA KHASA,GUJRAT,GUJRAT,Primary,Functional,No,,5,,,144,,3,3,Yes-Wholly,Yes-Wholly,Yes-Wholly,Satisfying,,Oct-2018 (Annual Census),https://opendata.com.pk/dataset/punjab-annual-school-census-report-2017-18 (PMIU/PESRP source)
Real (Census),34210069,GGHS KUNJAH,GUJRAT,GUJRAT,High,Functional,No,,43,,,1633,,16,16,Yes-Wholly,Yes-Wholly,Yes-Wholly,Satisfying,,Oct-2018 (Annual Census),https://opendata.com.pk/dataset/punjab-annual-school-census-report-2017-18 (PMIU/PESRP source)
Real (Census),34210184,GGHS GILLAN WALA,GUJRAT,GUJRAT,High,Functional,No,,15,,,381,,5,5,Yes-Wholly,Yes-Wholly,Yes-Wholly,Needed Minor Repairing,dangerous_classrooms (source field): 3,Oct-2018 (Annual Census),https://opendata.com.pk/dataset/punjab-annual-school-census-report-2017-18 (PMIU/PESRP source)
Real (Census),34220439,GGPS KHAIR GHANSAR,GUJRAT,KHARIAN,Primary,Functional,No,,4,,,52,,2,2,Yes-Wholly,Yes-Wholly,Yes-Wholly,Complete Building Needs Repairing,,Oct-2018 (Annual Census),https://opendata.com.pk/dataset/punjab-annual-school-census-report-2017-18 (PMIU/PESRP source)
Real (Census),35610189,GPS KOT MUHAMMAD HUSSAIN,NANKANA SAHIB,NANKANA SAHIB,Primary,Functional,No,,4,,,131,,3,3,Yes-Wholly,Yes-Wholly,Yes-Wholly,Satisfying,,Oct-2018 (Annual Census),https://opendata.com.pk/dataset/punjab-annual-school-census-report-2017-18 (PMIU/PESRP source)
Real (Census),35641050,GGPS DERA SHAHBAZ KHAN,NANKANA SAHIB,SANGLA HILL,Primary,Functional,No,,6,,,177,,5,5,Yes-Wholly,Yes-Wholly,Yes-Wholly,Satisfying,,Oct-2018 (Annual Census),https://opendata.com.pk/dataset/punjab-annual-school-census-report-2017-18 (PMIU/PESRP source)
Real (Census),35640650,GPS SULTAN ABAD,NANKANA SAHIB,SANGLA HILL,Primary,Functional,No,,,,,59,,3,3,Yes-Wholly,Yes-Wholly,Yes-Wholly,Satisfying,,Oct-2018 (Annual Census),https://opendata.com.pk/dataset/punjab-annual-school-census-report-2017-18 (PMIU/PESRP source)
Real (Census),35610539,GGPS KOT BENIDAS,NANKANA SAHIB,NANKANA SAHIB,Primary,Functional,No,,6,,,207,,4,4,Yes-Wholly,Yes-Wholly,Yes-Wholly,Satisfying,,Oct-2018 (Annual Census),https://opendata.com.pk/dataset/punjab-annual-school-census-report-2017-18 (PMIU/PESRP source)
Real (Census),35610336,GPS WARA LAHIB SINGH,NANKANA SAHIB,NANKANA SAHIB,Primary,Functional,No,,4,,,113,,2,2,Yes-Wholly,Yes-Wholly,Yes-Wholly,Satisfying,,Oct-2018 (Annual Census),https://opendata.com.pk/dataset/punjab-annual-school-census-report-2017-18 (PMIU/PESRP source)
Real (Census),31310562,GGES CHAK NO. 94/NP,RAHIMYAR KHAN,KHANPUR,Middle,Functional,No,,9,,,230,,7,5,Yes-Wholly,Yes-Wholly,Yes-Wholly,Satisfying,,Oct-2018 (Annual Census),https://opendata.com.pk/dataset/punjab-annual-school-census-report-2017-18 (PMIU/PESRP source)
Real (Census),31330241,GPS CHAK 49/P (PSSP),RAHIMYAR KHAN,RAHIMYAR KHAN,Primary,Functional,No,,,,,17,,2,2,Yes-Wholly,Yes-Wholly,Yes-Wholly,Needed Minor Repairing,,Oct-2018 (Annual Census),https://opendata.com.pk/dataset/punjab-annual-school-census-report-2017-18 (PMIU/PESRP source)
Real (Census),31340354,GPS MALIK KHAIR MUHAMMAD,RAHIMYAR KHAN,SADIQABAD,Primary,Functional,No,,4,,,199,,4,4,Yes-Wholly,Yes-Wholly,Yes-Wholly,Satisfying,,Oct-2018 (Annual Census),https://opendata.com.pk/dataset/punjab-annual-school-census-report-2017-18 (PMIU/PESRP source)
Real (Census),31320695,GGPS BASTI RAEES USMAN,RAHIMYAR KHAN,LIAQATPUR,Primary,Functional,No,,4,,,97,,2,2,Yes-Wholly,Yes-Wholly,Yes-Wholly,Needed Minor Repairing,,Oct-2018 (Annual Census),https://opendata.com.pk/dataset/punjab-annual-school-census-report-2017-18 (PMIU/PESRP source)
Real (Census),31310075,GGES DIN PUR SHARIF,RAHIMYAR KHAN,KHANPUR,Middle,Functional,No,,11,,,351,,6,6,Yes-Wholly,Yes-Wholly,Yes-Wholly,Satisfying,,Oct-2018 (Annual Census),https://opendata.com.pk/dataset/punjab-annual-school-census-report-2017-18 (PMIU/PESRP source)
Real (Census),31130398,GGPS CHAK NO 188/7-R E,BAHAWALNAGAR,FORT ABBAS,Primary,Functional,No,,4,,,132,,4,4,Yes-Wholly,Yes-Wholly,Yes-Wholly,Needed Minor Repairing,,Oct-2018 (Annual Census),https://opendata.com.pk/dataset/punjab-annual-school-census-report-2017-18 (PMIU/PESRP source)
Real (Census),31130369,GGPS CHAK NO 291 HR,BAHAWALNAGAR,FORT ABBAS,Primary,Functional,No,,4,,,112,,2,2,Yes-Wholly,Yes-Wholly,Yes-Wholly,Needed Minor Repairing,,Oct-2018 (Annual Census),https://opendata.com.pk/dataset/punjab-annual-school-census-report-2017-18 (PMIU/PESRP source)
Real (Census),31110050,GES FAROOQ ABAD,BAHAWALNAGAR,BAHAWALNAGAR,Middle,Functional,No,,12,,,226,,6,4,Yes-Wholly,Yes-Wholly,Yes-Wholly,Needed Minor Repairing,,Oct-2018 (Annual Census),https://opendata.com.pk/dataset/punjab-annual-school-census-report-2017-18 (PMIU/PESRP source)
Real (Census),31130278,GGPS 195 HB,BAHAWALNAGAR,FORT ABBAS,Primary,Functional,No,,4,,,118,,2,2,Yes-Wholly,Yes-Wholly,Yes-Wholly,Satisfying,,Oct-2018 (Annual Census),https://opendata.com.pk/dataset/punjab-annual-school-census-report-2017-18 (PMIU/PESRP source)
Real (Census),31140259,GPS CHAK NO.32/3-R,BAHAWALNAGAR,HAROONABAD,Primary,Functional,No,,3,,,85,,4,4,Yes-Wholly,Yes-Wholly,Yes-Wholly,Complete Building Needs Repairing,,Oct-2018 (Annual Census),https://opendata.com.pk/dataset/punjab-annual-school-census-report-2017-18 (PMIU/PESRP source)
Real (Census),33230515,GGPS SHORKOT CANTT NO. 1,JHANG,SHORKOT,Primary,Functional,No,,7,,,150,,3,3,Yes-Wholly,Yes-Wholly,Yes-Wholly,Satisfying,,Oct-2018 (Annual Census),https://opendata.com.pk/dataset/punjab-annual-school-census-report-2017-18 (PMIU/PESRP source)
Real (Census),33220691,GGPS KULKURAI NO. 2,JHANG,JHANG,Primary,Functional,No,,6,,,120,,4,4,Yes-Wholly,No,Yes-Wholly,Satisfying,,Oct-2018 (Annual Census),https://opendata.com.pk/dataset/punjab-annual-school-census-report-2017-18 (PMIU/PESRP source)
Real (Census),33230065,GES MIRAK SIAL,JHANG,SHORKOT,Middle,Functional,No,,15,,,769,,8,8,Yes-Wholly,Yes-Wholly,Yes-Wholly,Satisfying,,Oct-2018 (Annual Census),https://opendata.com.pk/dataset/punjab-annual-school-census-report-2017-18 (PMIU/PESRP source)
Real (Census),33220019,GHS PAKKAY WALA,JHANG,JHANG,High,Functional,No,,19,,,640,,8,8,Yes-Wholly,Yes-Wholly,Yes-Wholly,Satisfying,,Oct-2018 (Annual Census),https://opendata.com.pk/dataset/punjab-annual-school-census-report-2017-18 (PMIU/PESRP source)
Real (Census),33250398,GPS DOSA,JHANG,18-HAZARI,Primary,Functional,No,,5,,,182,,4,4,Yes-Wholly,Yes-Wholly,Yes-Wholly,Needed Minor Repairing,,Oct-2018 (Annual Census),https://opendata.com.pk/dataset/punjab-annual-school-census-report-2017-18 (PMIU/PESRP source)
Real (Census),34630333,GGPS GADGOR,MANDI BAHA UD DIN,PHALIA,Primary,Functional,No,,4,,,91,,3,3,Yes-Wholly,Yes-Wholly,Yes-Wholly,Satisfying,,Oct-2018 (Annual Census),https://opendata.com.pk/dataset/punjab-annual-school-census-report-2017-18 (PMIU/PESRP source)
Real (Census),34630071,GGHS BHOA HASAN,MANDI BAHA UD DIN,PHALIA,High,Functional,No,,12,,,466,,9,9,Yes-Wholly,Yes-Wholly,Yes-Wholly,Satisfying,,Oct-2018 (Annual Census),https://opendata.com.pk/dataset/punjab-annual-school-census-report-2017-18 (PMIU/PESRP source)
Real (Census),34620292,GGPS MC DERA ROSHAN MBDIN,MANDI BAHA UD DIN,MANDI BAHUDDIN,Primary,Functional,No,,5,,,249,,2,2,Yes-Wholly,Yes-Wholly,Yes-Wholly,Needed Minor Repairing,,Oct-2018 (Annual Census),https://opendata.com.pk/dataset/punjab-annual-school-census-report-2017-18 (PMIU/PESRP source)
Real (Census),34620216,GGPS KOT AHMAD SHAH,MANDI BAHA UD DIN,MANDI BAHUDDIN,Primary,Functional,No,,6,,,136,,2,2,Yes-Wholly,Yes-Wholly,Yes-Wholly,Needed Minor Repairing,,Oct-2018 (Annual Census),https://opendata.com.pk/dataset/punjab-annual-school-census-report-2017-18 (PMIU/PESRP source)
Real (Census),34620121,GPS BHACHER,MANDI BAHA UD DIN,MANDI BAHUDDIN,Primary,Functional,No,,6,,,136,,3,3,Yes-Wholly,Yes-Wholly,Yes-Wholly,Needed Minor Repairing,,Oct-2018 (Annual Census),https://opendata.com.pk/dataset/punjab-annual-school-census-report-2017-18 (PMIU/PESRP source)
Real (Census),33410296,GPS RAZA NAGAR,CHINIOT,BHOWANA,Primary,Functional,No,,4,,,160,,4,4,Yes-Wholly,Yes-Wholly,Yes-Wholly,Satisfying,,Oct-2018 (Annual Census),https://opendata.com.pk/dataset/punjab-annual-school-census-report-2017-18 (PMIU/PESRP source)
Real (Census),33410240,GPS CHAK NO 466 JB DEPUTY WALA,CHINIOT,BHOWANA,Primary,Functional,No,,4,,,135,,4,4,Yes-Wholly,Yes-Wholly,Yes-Wholly,Satisfying,,Oct-2018 (Annual Census),https://opendata.com.pk/dataset/punjab-annual-school-census-report-2017-18 (PMIU/PESRP source)
Real (Census),33430143,GPS BASTI WALA,CHINIOT,LALIAN,Primary,Functional,No,,4,,,256,,4,4,Yes-Wholly,Yes-Wholly,Yes-Wholly,Satisfying,,Oct-2018 (Annual Census),https://opendata.com.pk/dataset/punjab-annual-school-census-report-2017-18 (PMIU/PESRP source)
Real (Census),33420119,GGES BUKHARIAN,CHINIOT,CHINIOT,Middle,Functional,No,,12,,,340,,7,7,Yes-Wholly,Yes-Wholly,Yes-Wholly,Satisfying,,Oct-2018 (Annual Census),https://opendata.com.pk/dataset/punjab-annual-school-census-report-2017-18 (PMIU/PESRP source)
Real (Census),33420110,GGES EID GAH NO. 1 CHINIOT,CHINIOT,CHINIOT,Middle,Functional,No,,18,,,761,,12,12,Yes-Wholly,Yes-Wholly,Yes-Wholly,Complete Building Needs Repairing,,Oct-2018 (Annual Census),https://opendata.com.pk/dataset/punjab-annual-school-census-report-2017-18 (PMIU/PESRP source)
Real (Census),32230667,GPS CHAK NO. 125-A/TDA,LAYYAH,LAYYAH,Primary,Functional,No,,4,,,109,,4,4,Yes-Wholly,Yes-Wholly,Yes-Wholly,Satisfying,,Oct-2018 (Annual Census),https://opendata.com.pk/dataset/punjab-annual-school-census-report-2017-18 (PMIU/PESRP source)
Real (Census),32220320,GGES BASTI PITAFI,LAYYAH,KAROR LALISAN,Middle,Functional,No,,8,,,211,,4,4,Yes-Wholly,Yes-Wholly,Yes-Wholly,Satisfying,,Oct-2018 (Annual Census),https://opendata.com.pk/dataset/punjab-annual-school-census-report-2017-18 (PMIU/PESRP source)
Real (Census),32230109,GGHS CHAK NO.162/TDA,LAYYAH,LAYYAH,High,Functional,No,,16,,,680,,10,10,Yes-Wholly,Yes-Wholly,Yes-Wholly,Satisfying,,Oct-2018 (Annual Census),https://opendata.com.pk/dataset/punjab-annual-school-census-report-2017-18 (PMIU/PESRP source)
Real (Census),32210111,GPS HAFIZ ABAD,LAYYAH,CHAUBARA,Primary,Functional,No,,4,,,101,,2,2,Yes-Wholly,Yes-Wholly,Yes-Wholly,Satisfying,,Oct-2018 (Annual Census),https://opendata.com.pk/dataset/punjab-annual-school-census-report-2017-18 (PMIU/PESRP source)
Real (Census),32220247,GGPS GARRAH SHUMALI,LAYYAH,KAROR LALISAN,Primary,Functional,No,,5,,,149,,4,4,Yes-Wholly,Yes-Wholly,Yes-Wholly,Satisfying,,Oct-2018 (Annual Census),https://opendata.com.pk/dataset/punjab-annual-school-census-report-2017-18 (PMIU/PESRP source)
Real (Census),32122060,GGPS Hayat Muhammad,D.G. KHAN,TAUNSA,Primary,Functional,No,,3,,,39,,2,2,Yes-Wholly,Yes-Wholly,Yes-Wholly,Needed Minor Repairing,dangerous_classrooms (source field): 1,Oct-2018 (Annual Census),https://opendata.com.pk/dataset/punjab-annual-school-census-report-2017-18 (PMIU/PESRP source)
Real (Census),32130307,GPS BASTI YAQI,D.G. KHAN,KOT CHUTTA,Primary,Functional,No,,5,,,225,,4,4,Yes-Wholly,Yes-Wholly,Yes-Wholly,Needed Minor Repairing,,Oct-2018 (Annual Census),https://opendata.com.pk/dataset/punjab-annual-school-census-report-2017-18 (PMIU/PESRP source)
Real (Census),32130225,GPS MIR NAGAR,D.G. KHAN,KOT CHUTTA,Primary,Functional,No,,4,,,168,,4,4,Yes-Wholly,Yes-Wholly,No,Satisfying,,Oct-2018 (Annual Census),https://opendata.com.pk/dataset/punjab-annual-school-census-report-2017-18 (PMIU/PESRP source)
Real (Census),32130580,GGPS DR. GHULAM MUHAMMAD,D.G. KHAN,KOT CHUTTA,Primary,Functional,No,,,,,101,,4,2,Yes-Wholly,No,Yes-Wholly,Needed Minor Repairing,,Oct-2018 (Annual Census),https://opendata.com.pk/dataset/punjab-annual-school-census-report-2017-18 (PMIU/PESRP source)
Real (Census),32120673,GGPS LAKHIBHIR,D.G. KHAN,TAUNSA,Primary,Functional,No,,3,,,110,,2,2,Yes-Wholly,Yes-Wholly,Yes-Wholly,Needed Minor Repairing,,Oct-2018 (Annual Census),https://opendata.com.pk/dataset/punjab-annual-school-census-report-2017-18 (PMIU/PESRP source)
Real (Census),32320476,GGES MANHAN (ARAIN WALA),MUZAFFARGARH,KOT ADU,Middle,Functional,No,,14,,,192,,6,5,Yes-Wholly,Yes-Wholly,Yes-Wholly,Needed Minor Repairing,,Oct-2018 (Annual Census),https://opendata.com.pk/dataset/punjab-annual-school-census-report-2017-18 (PMIU/PESRP source)
Real (Census),32310166,GGPS BASTI BARA,MUZAFFARGARH,ALIPUR,Primary,Functional,No,,3,,,101,,4,4,Yes-Wholly,Yes-Wholly,Yes-Wholly,Satisfying,,Oct-2018 (Annual Census),https://opendata.com.pk/dataset/punjab-annual-school-census-report-2017-18 (PMIU/PESRP source)
Real (Census),32320579,GGPS CHAK NO. 565/TDA,MUZAFFARGARH,KOT ADU,Primary,Functional,No,,5,,,124,,4,4,Yes-Wholly,Yes-Wholly,Yes-Wholly,Satisfying,,Oct-2018 (Annual Census),https://opendata.com.pk/dataset/punjab-annual-school-census-report-2017-18 (PMIU/PESRP source)
Real (Census),32320475,GGPS BASTI SAIDAN,MUZAFFARGARH,KOT ADU,Primary,Functional,No,,6,,,166,,4,4,Yes-Wholly,Yes-Wholly,Yes-Wholly,Needed Minor Repairing,,Oct-2018 (Annual Census),https://opendata.com.pk/dataset/punjab-annual-school-census-report-2017-18 (PMIU/PESRP source)
Real (Census),32330189,GPS KOTHELA,MUZAFFARGARH,MUZAFFARGARH,Primary,Functional,No,,4,,,91,,3,3,Yes-Wholly,Yes-Wholly,Yes-Wholly,Satisfying,,Oct-2018 (Annual Census),https://opendata.com.pk/dataset/punjab-annual-school-census-report-2017-18 (PMIU/PESRP source)
Real (Census),36420223,"GPS 44/10-R JADEED, P/O 44/10-R, JADEED",KHANEWAL,KHANEWAL,Primary,Functional,No,,3,,,149,,2,2,Yes-Wholly,Yes-Wholly,Yes-Wholly,Satisfying,,Oct-2018 (Annual Census),https://opendata.com.pk/dataset/punjab-annual-school-census-report-2017-18 (PMIU/PESRP source)
Real (Census),36420019,"GHS 30/10-R, KACHA KHUH",KHANEWAL,KHANEWAL,High,Functional,No,,15,,,284,,6,6,Yes-Wholly,Yes-Wholly,Yes-Wholly,Needed Minor Repairing,,Oct-2018 (Annual Census),https://opendata.com.pk/dataset/punjab-annual-school-census-report-2017-18 (PMIU/PESRP source)
Real (Census),36410034,GGHSS JODH PUR KABIRWALA,KHANEWAL,KABIRWALA,H.Sec.,Functional,No,,33,,,1347,,17,16,Yes-Wholly,Yes-Wholly,Yes-Wholly,Satisfying,,Oct-2018 (Annual Census),https://opendata.com.pk/dataset/punjab-annual-school-census-report-2017-18 (PMIU/PESRP source)
Real (Census),36430337,"GPS MODEL 113/15-L, P/O 116/15-L, MIAN CHANNU",KHANEWAL,MIAN CHANNU,Primary,Functional,No,,4,,,188,,4,4,Yes-Wholly,Yes-Wholly,Yes-Wholly,Satisfying,,Oct-2018 (Annual Census),https://opendata.com.pk/dataset/punjab-annual-school-census-report-2017-18 (PMIU/PESRP source)
Real (Census),36410376,"GMPS BAHADUR WALA, KABIRWALA",KHANEWAL,KABIRWALA,Primary,Functional,No,,3,,,151,,5,5,Yes-Wholly,Yes-Wholly,Yes-Wholly,Needed Minor Repairing,,Oct-2018 (Annual Census),https://opendata.com.pk/dataset/punjab-annual-school-census-report-2017-18 (PMIU/PESRP source)
Real (Census),39210362,GGPS 25/SP,PAKPATTAN,PAKPATTAN,Primary,Functional,No,,5,,,326,,2,2,Yes-Wholly,Yes-Wholly,Yes-Wholly,Satisfying,,Oct-2018 (Annual Census),https://opendata.com.pk/dataset/punjab-annual-school-census-report-2017-18 (PMIU/PESRP source)
Real (Census),39220416,GGPS 79/EB-I ARIFWALA,PAKPATTAN,ARIFWALA,Primary,Functional,No,,3,,,169,,4,4,Yes-Wholly,Yes-Wholly,Yes-Wholly,Satisfying,,Oct-2018 (Annual Census),https://opendata.com.pk/dataset/punjab-annual-school-census-report-2017-18 (PMIU/PESRP source)
Real (Census),39220307,GGPS 26 EB,PAKPATTAN,ARIFWALA,Primary,Functional,No,,2,,,98,,3,3,Yes-Wholly,Yes-Wholly,Yes-Wholly,Satisfying,,Oct-2018 (Annual Census),https://opendata.com.pk/dataset/punjab-annual-school-census-report-2017-18 (PMIU/PESRP source)
Real (Census),39220400,GGES 52 EB PO 52 EB,PAKPATTAN,ARIFWALA,Middle,Functional,No,,7,,,282,,6,6,Yes-Wholly,Yes-Wholly,Yes-Wholly,Satisfying,,Oct-2018 (Annual Census),https://opendata.com.pk/dataset/punjab-annual-school-census-report-2017-18 (PMIU/PESRP source)
Real (Census),39220269,GGPS MC NO. 4 IQBAL NAGAR ARIFWALA,PAKPATTAN,ARIFWALA,Primary,Functional,No,,4,,,113,,3,3,Yes-Wholly,Yes-Wholly,Yes-Wholly,Satisfying,,Oct-2018 (Annual Census),https://opendata.com.pk/dataset/punjab-annual-school-census-report-2017-18 (PMIU/PESRP source)
Real (Census),36620075,GPS LAL BAGHALI,LODHRAN,KAROR PACCA,Primary,Functional,No,,6,,,214,,5,5,Yes-Wholly,Yes-Wholly,Yes-Wholly,Satisfying,,Oct-2018 (Annual Census),https://opendata.com.pk/dataset/punjab-annual-school-census-report-2017-18 (PMIU/PESRP source)
Real (Census),36630255,GGES 301 WB,LODHRAN,DUNYAPUR,Middle,Functional,No,,10,,,324,,6,6,Yes-Wholly,Yes-Wholly,Yes-Wholly,Needed Minor Repairing,,Oct-2018 (Annual Census),https://opendata.com.pk/dataset/punjab-annual-school-census-report-2017-18 (PMIU/PESRP source)
Real (Census),36610037,GHS CHAMB KULYAR,LODHRAN,LODHRAN,High,Functional,No,,16,,,526,,14,14,Yes-Wholly,Yes-Wholly,Yes-Wholly,Needed Minor Repairing,dangerous_classrooms (source field): 3,Oct-2018 (Annual Census),https://opendata.com.pk/dataset/punjab-annual-school-census-report-2017-18 (PMIU/PESRP source)
Real (Census),36610049,GMES JAL WALA,LODHRAN,LODHRAN,Middle,Functional,No,,11,,,188,,7,7,Yes-Wholly,Yes-Wholly,Yes-Wholly,Satisfying,,Oct-2018 (Annual Census),https://opendata.com.pk/dataset/punjab-annual-school-census-report-2017-18 (PMIU/PESRP source)
Real (Census),36630155,GPS CHAK NO. 386/WB,LODHRAN,DUNYAPUR,Primary,Functional,No,,3,,,70,,4,4,Yes-Wholly,Yes-Wholly,Yes-Wholly,Satisfying,,Oct-2018 (Annual Census),https://opendata.com.pk/dataset/punjab-annual-school-census-report-2017-18 (PMIU/PESRP source)
Real (Census),32410358,GGPS BASTI SONHARA,RAJANPUR,JAMPUR,Primary,Functional,No,,4,,,47,,4,4,Yes-Wholly,Yes-Wholly,Yes-Wholly,Satisfying,,Oct-2018 (Annual Census),https://opendata.com.pk/dataset/punjab-annual-school-census-report-2017-18 (PMIU/PESRP source)
Real (Census),32420367,GGCMES MUDDASIR ABAD,RAJANPUR,RAJANPUR,Middle,Functional,No,,7,,,184,,5,5,Yes-Wholly,Yes-Wholly,Yes-Wholly,Satisfying,,Oct-2018 (Annual Census),https://opendata.com.pk/dataset/punjab-annual-school-census-report-2017-18 (PMIU/PESRP source)
Real (Census),32420389,GGPS FIRDOUSI FARM,RAJANPUR,RAJANPUR,Primary,Functional,No,,,,,30,,3,2,Yes-Wholly,No,Yes-Wholly,Satisfying,,Oct-2018 (Annual Census),https://opendata.com.pk/dataset/punjab-annual-school-census-report-2017-18 (PMIU/PESRP source)
Real (Census),32430225,GPS BASTI WADERA ABDUL RAZZAQ DULLANI,RAJANPUR,ROJHAN,Primary,Functional,No,,4,,,40,,2,1,No,Yes-Wholly,Yes-Wholly,Satisfying,,Oct-2018 (Annual Census),https://opendata.com.pk/dataset/punjab-annual-school-census-report-2017-18 (PMIU/PESRP source)
Real (Census),32410347,GGPS BASTI MALKANI,RAJANPUR,JAMPUR,Primary,Functional,No,,4,,,128,,4,4,Yes-Wholly,Yes-Wholly,Yes-Wholly,Needed Minor Repairing,,Oct-2018 (Annual Census),https://opendata.com.pk/dataset/punjab-annual-school-census-report-2017-18 (PMIU/PESRP source)
Real (Census),39110291,GPS 165-A/9-L,SAHIWAL,CHICHAWATANI,Primary,Functional,No,,4,,,188,,4,4,Yes-Wholly,Yes-Wholly,Yes-Wholly,Needed Minor Repairing,,Oct-2018 (Annual Census),https://opendata.com.pk/dataset/punjab-annual-school-census-report-2017-18 (PMIU/PESRP source)
Real (Census),39110439,GGPS 40/12-L,SAHIWAL,CHICHAWATANI,Primary,Functional,No,,4,,,238,,3,3,Yes-Wholly,Yes-Wholly,Yes-Wholly,Needed Minor Repairing,,Oct-2018 (Annual Census),https://opendata.com.pk/dataset/punjab-annual-school-census-report-2017-18 (PMIU/PESRP source)
Real (Census),39120475,GGPS CHENNA KARAMALI,SAHIWAL,SAHIWAL,Primary,Functional,No,,,,,140,,2,2,Yes-Wholly,Yes-Wholly,Yes-Wholly,Satisfying,,Oct-2018 (Annual Census),https://opendata.com.pk/dataset/punjab-annual-school-census-report-2017-18 (PMIU/PESRP source)
Real (Census),39110165,GGES 64/12-L,SAHIWAL,CHICHAWATANI,Middle,Functional,No,,8,,,107,,2,2,Yes-Wholly,Yes-Wholly,Yes-Wholly,Partial Building is Dangerous,,Oct-2018 (Annual Census),https://opendata.com.pk/dataset/punjab-annual-school-census-report-2017-18 (PMIU/PESRP source)
Real (Census),39120117,GES 154/9-L,SAHIWAL,SAHIWAL,Middle,Functional,No,,9,,,246,,6,6,Yes-Wholly,Yes-Wholly,Yes-Wholly,Partial Building is Dangerous,dangerous_classrooms (source field): 4,Oct-2018 (Annual Census),https://opendata.com.pk/dataset/punjab-annual-school-census-report-2017-18 (PMIU/PESRP source)
Real (Census),34520617,GES AMBALTAS,HAFIZABAD,PINDI BHATTIAN,Middle,Functional,No,,11,,,100,,3,2,Yes-Wholly,Yes-Wholly,Yes-Wholly,Complete Building Needs Repairing,,Oct-2018 (Annual Census),https://opendata.com.pk/dataset/punjab-annual-school-census-report-2017-18 (PMIU/PESRP source)
Real (Census),34520039,GGHS MADHORA KALAN,HAFIZABAD,PINDI BHATTIAN,High,Functional,No,,8,,,279,,7,5,Yes-Wholly,Yes-Wholly,Yes-Wholly,Satisfying,,Oct-2018 (Annual Census),https://opendata.com.pk/dataset/punjab-annual-school-census-report-2017-18 (PMIU/PESRP source)
Real (Census),34520137,GES KOT KHUSHAL,HAFIZABAD,PINDI BHATTIAN,Middle,Functional,No,,6,,,155,,4,3,Yes-Wholly,Yes-Wholly,Yes-Wholly,Satisfying,,Oct-2018 (Annual Census),https://opendata.com.pk/dataset/punjab-annual-school-census-report-2017-18 (PMIU/PESRP source)
Real (Census),34510043,GGES MURADIAN,HAFIZABAD,HAFIZABAD,Middle,Functional,No,,11,,,201,,4,4,Yes-Wholly,Yes-Wholly,Yes-Wholly,Satisfying,,Oct-2018 (Annual Census),https://opendata.com.pk/dataset/punjab-annual-school-census-report-2017-18 (PMIU/PESRP source)
Real (Census),34520543,GPS NAUTHEEN STATION,HAFIZABAD,PINDI BHATTIAN,Primary,Functional,No,,5,,,66,,2,2,Yes-Wholly,Yes-Wholly,Yes-Wholly,Satisfying,,Oct-2018 (Annual Census),https://opendata.com.pk/dataset/punjab-annual-school-census-report-2017-18 (PMIU/PESRP source)
Real (Census),37140021,GGHS KOT CHAJI,ATTOCK,JAND,High,Functional,No,,13,,,391,,6,6,Yes-Wholly,Yes-Wholly,Yes-Wholly,Satisfying,,Oct-2018 (Annual Census),https://opendata.com.pk/dataset/punjab-annual-school-census-report-2017-18 (PMIU/PESRP source)
Real (Census),33221214,GGPS CHAK NO 259 PATOANA,JHANG,JHANG,Primary,Functional,No,,4,,,92,,2,2,Yes-Wholly,Yes-Wholly,Yes-Wholly,Satisfying,,Oct-2018 (Annual Census),https://opendata.com.pk/dataset/punjab-annual-school-census-report-2017-18 (PMIU/PESRP source)
Real (Census),34220031,GHS BHOTA,GUJRAT,KHARIAN,High,Functional,No,,18,,,344,,10,10,Yes-Wholly,Yes-Wholly,Yes-Wholly,Satisfying,,Oct-2018 (Annual Census),https://opendata.com.pk/dataset/punjab-annual-school-census-report-2017-18 (PMIU/PESRP source)
Real (Census),31120113,GGES CHAK NO. 200/M,BAHAWALNAGAR,CHISHTIAN,Middle,Functional,No,,11,,,253,,3,3,Yes-Wholly,Yes-Wholly,Yes-Wholly,Needed Minor Repairing,,Oct-2018 (Annual Census),https://opendata.com.pk/dataset/punjab-annual-school-census-report-2017-18 (PMIU/PESRP source)
Real (Census),36430394,"GMPS 13/8-AR, P/O 20/8-R, TULAMBA",KHANEWAL,MIAN CHANNU,Primary,Functional,No,,10,,,313,,6,6,Yes-Wholly,Yes-Wholly,Yes-Wholly,Needed Minor Repairing,dangerous_classrooms (source field): 1,Oct-2018 (Annual Census),https://opendata.com.pk/dataset/punjab-annual-school-census-report-2017-18 (PMIU/PESRP source)
Real (Census),34110497,GPS DERA KULIAN,GUJRANWALA,GUJRANWALA SADAR,Primary,Functional,No,,3,,,105,,4,4,Yes-Wholly,Yes-Wholly,Yes-Wholly,Satisfying,,Oct-2018 (Annual Census),https://opendata.com.pk/dataset/punjab-annual-school-census-report-2017-18 (PMIU/PESRP source)
Real (Census),32210064,GPS CHAK NO 447 TDA,LAYYAH,CHAUBARA,Primary,Functional,No,,4,,,80,,2,2,Yes-Wholly,Yes-Wholly,Yes-Wholly,Satisfying,,Oct-2018 (Annual Census),https://opendata.com.pk/dataset/punjab-annual-school-census-report-2017-18 (PMIU/PESRP source)
Real (Census),33140491,GGHS CHAK 117 JB,FAISALABAD,FAISALABAD SADDAR,High,Functional,No,,20,,,868,,8,8,Yes-Wholly,Yes-Wholly,Yes-Wholly,Satisfying,,Oct-2018 (Annual Census),https://opendata.com.pk/dataset/punjab-annual-school-census-report-2017-18 (PMIU/PESRP source)
Real (Census),36420009,"GHS 93/10-R, KHANEWAL",KHANEWAL,KHANEWAL,High,Functional,No,,20,,,701,,10,10,Yes-Wholly,Yes-Wholly,Yes-Wholly,Partial Building is Dangerous,dangerous_classrooms (source field): 3,Oct-2018 (Annual Census),https://opendata.com.pk/dataset/punjab-annual-school-census-report-2017-18 (PMIU/PESRP source)
Real (Census),34510262,GES KARYALA,HAFIZABAD,HAFIZABAD,Middle,Functional,No,,7,,,185,,3,3,Yes-Wholly,Yes-Wholly,Yes-Wholly,Satisfying,,Oct-2018 (Annual Census),https://opendata.com.pk/dataset/punjab-annual-school-census-report-2017-18 (PMIU/PESRP source)
Real (Census),39110150,GGHSS 21/11-L,SAHIWAL,CHICHAWATANI,H.Sec.,Functional,No,,10,,,336,,9,9,Yes-Wholly,Yes-Wholly,Yes-Wholly,Partial Building is Dangerous,dangerous_classrooms (source field): 4,Oct-2018 (Annual Census),https://opendata.com.pk/dataset/punjab-annual-school-census-report-2017-18 (PMIU/PESRP source)
