EMIS_Code,School_Name,District,Tehsil,Risk_Score,Priority,Latitude,Longitude
31321034,GGHS Chak No 148/5-R,RAHIMYAR KHAN,LIAQATPUR,52.5,High,28.855686,71.016265
31321032,GGHS Chak No 225/1-L,RAHIMYAR KHAN,LIAQATPUR,52.5,High,,
31321031,GGHS 158/7-R,RAHIMYAR KHAN,LIAQATPUR,52.5,High,,
32110506,GPS BAGH ALI MOLE,D.G. KHAN,D.G.KHAN,37.5,Medium,,
31321033,GGHS Chak No 179/7-R,RAHIMYAR KHAN,LIAQATPUR,37.5,Medium,,
36130239,GPS RANA WAHIN,MULTAN,MULTAN SADAR,35.0,High,,
32320754,GPS THATHI HAMZA NO. 2,MUZAFFARGARH,KOT ADU,35.0,Medium,,
31320431,GGPS BASTI HAFIZ GHULAM QADIR,RAHIMYAR KHAN,LIAQATPUR,35.0,Medium,28.6764261,70.7270481
32110836,GGCMS FEROZ WALA,D.G. KHAN,D.G.KHAN,30.0,Medium,,
32120005,GHS BHANBHAN,D.G. KHAN,TAUNSA,27.5,Medium,,
32220564,GMMS AOULAKH NASHEB,LAYYAH,KAROR LALISAN,25.0,Medium,,
32130580,GGPS DR. GHULAM MUHAMMAD,D.G. KHAN,KOT CHUTTA,22.5,Medium,,
31320001,GHSS FEROZAA,RAHIMYAR KHAN,LIAQATPUR,18.75,Low,28.760002,70.820985
32120041,GGHS KOT MOHEE,D.G. KHAN,TAUNSA,18.75,Low,30.550891,70.595535
34140170,GPS GHARRI,GUJRANWALA,NOSHERA VIRKAN,15.84,Low,31.967340,73.969870
32130225,GPS MIR NAGAR,D.G. KHAN,KOT CHUTTA,15.0,Low,,
36120106,GPS TERI WALA VILLAGE GANWEN SHUJABAD,MULTAN,SHUJA ABAD,15.0,Low,29.678265,71.252432
31260240,GPS HAJI KHAMEESA,BAHAWALPUR,BAHAWALPUR SADAR,14.88,Low,,
33310079,GGHS CHAK 159 GB,T.T.SINGH,GOJRA,14.42,Low,,
32110043,GHS ROONGHAN,D.G. KHAN,D.G.KHAN,10.0,Low,,
32320949,GPS CHAK NO. 131 ML,MUZAFFARGARH,KOT ADU,10.0,Low,,
32110565,GGPS SUMRA GABOOL,D.G. KHAN,D.G.KHAN,10.0,Low,,
33160266,GGPS 595 GB,FAISALABAD,TANDLIAN WALA,8.74,Low,,
33150025,GPS 141 RB II,FAISALABAD,CHAK JHUMARA,6.62,Low,,
32320476,GGES MANHAN (ARAIN WALA),MUZAFFARGARH,KOT ADU,4.17,Low,30.405512,70.937831
31260023,GHS HAKRA,BAHAWALPUR,BAHAWALPUR SADAR,0.0,Low,,
34140293,GGPS DEEPAY PUR,GUJRANWALA,NOSHERA VIRKAN,0.0,Low,,
34140427,GGHS MURALI WALA,GUJRANWALA,NOSHERA VIRKAN,0.0,Low,32.066431,74.142221
33340199,GES CHAK 319 GB I,T.T.SINGH,PIR MAHAL,0.0,Low,30.647800,72.512440
33340414,GGPS CHAK 752 GB,T.T.SINGH,PIR MAHAL,0.0,Low,,
33320089,GGES CHAK 706 GB,T.T.SINGH,KAMALIA,0.0,Low,,
33310319,GMPS CHAK 161 GB I,T.T.SINGH,GOJRA,0.0,Low,,
33310170,GHS CHAK 361 JB,T.T.SINGH,GOJRA,0.0,Low,30.910778,72.580153
38240666,GGPS DHOK PHATIAL,KHUSHAB,NAUSHERA,0.0,Low,,
31340354,GPS MALIK KHAIR MUHAMMAD,RAHIMYAR KHAN,SADIQABAD,0.0,Low,,
31320695,GGPS BASTI RAEES USMAN,RAHIMYAR KHAN,LIAQATPUR,0.0,Low,,
34620292,GGPS MC DERA ROSHAN MBDIN,MANDI BAHA UD DIN,MANDI BAHUDDIN,0.0,Low,,
34620216,GGPS KOT AHMAD SHAH,MANDI BAHA UD DIN,MANDI BAHUDDIN,0.0,Low,,
36130129,GGES BASTI JALIL MULTAN P/O BASTI JALIL,MULTAN,MULTAN SADAR,0.0,Low,,
36120213,GGPS NAWAN SHER SHUJABAD DISTT. MULTAN,MULTAN,SHUJA ABAD,0.0,Low,,
36130150,GPS KOTLA SADAT,MULTAN,MULTAN SADAR,0.0,Low,,
33410240,GPS CHAK NO 466 JB DEPUTY WALA,CHINIOT,BHOWANA,0.0,Low,,
33410296,GPS RAZA NAGAR,CHINIOT,BHOWANA,0.0,Low,,
34620121,GPS BHACHER,MANDI BAHA UD DIN,MANDI BAHUDDIN,0.0,Low,,
32220320,GGES BASTI PITAFI,LAYYAH,KAROR LALISAN,0.0,Low,,
32130307,GPS BASTI YAQI,D.G. KHAN,KOT CHUTTA,0.0,Low,,
32122060,GGPS Hayat Muhammad,D.G. KHAN,TAUNSA,0.0,Low,,
32220247,GGPS GARRAH SHUMALI,LAYYAH,KAROR LALISAN,0.0,Low,,
32120673,GGPS LAKHIBHIR,D.G. KHAN,TAUNSA,0.0,Low,,
32320579,GGPS CHAK NO. 565/TDA,MUZAFFARGARH,KOT ADU,0.0,Low,,
32320475,GGPS BASTI SAIDAN,MUZAFFARGARH,KOT ADU,0.0,Low,,
36620075,GPS LAL BAGHALI,LODHRAN,KAROR PACCA,0.0,Low,,
39110291,GPS 165-A/9-L,SAHIWAL,CHICHAWATANI,0.0,Low,,
39110439,GGPS 40/12-L,SAHIWAL,CHICHAWATANI,0.0,Low,,
39110165,GGES 64/12-L,SAHIWAL,CHICHAWATANI,0.0,Low,,
34110497,GPS DERA KULIAN,GUJRANWALA,GUJRANWALA SADAR,0.0,Low,,
39110150,GGHSS 21/11-L,SAHIWAL,CHICHAWATANI,0.0,Low,30.530163,72.678457
