Rank,School_Name,District,Government_Monitoring_Risk_Score,Audit_Priority
1,GPS CHAK FAKE-1 (Synthetic Test Case),MULTAN,99.26,High
2,GGPS FAKE VILLAGE-2 (Synthetic Test Case),BAHAWALPUR,83.33,High
3,GHS FAKE TOWN-3 (Synthetic Test Case),SAHIWAL,76.44,High
4,GHSS FAKE JUNCTION-6 (Synthetic Test Case),VEHARI,76.39,High
5,GGES SHALIMAR TOWN (EX-MCL),LAHORE,27.2,Medium
6,GHS NO.1 BASIR PUR MAIN ROAD,OKARA,22.52,Low
7,GHSS MOZANG LAHORE,LAHORE,20.24,Medium
8,GGES CHAK 529 GB SAMUNDRI,FAISALABAD,18.27,Low
9,GGHS PAK STANDARD SHAD BAGH LAHORE,LAHORE,16.06,High
10,GHS GULBERG LAHORE CANTT (FATEH ABAD),LAHORE,15.4,Low
